INSERT INTO [USER]
    (name, email)
VALUES
    ("Trudey Longmead","tlongmead0@epa.gov"),
    ("Gene Cordelle","gcordelle1@fastcompany.com"),
    ("Brandie Stutely","bstutely2@forbes.com"),
    ("Loise Haxbie","lhaxbie3@hao123.com"),
    ("Arie Dohmer","adohmer4@gravatar.com"),
    ("Kermy Kraft","kkraft5@smugmug.com"),
    ("Bartel Raggles","braggles6@japanpost.jp"),
    ("Syd Heintsch","sheintsch7@360.cn"),
    ("Auberon Bavin","abavin8@blogger.com"),
    ("Sidonia Skegg","sskegg9@buzzfeed.com"),
    ("Laura Whellams","lwhellamsa@deliciousdays.com"),
    ("Alfonso Gatherer","agathererb@gmpg.org"),
    ("Shanda Carratt","scarrattc@privacy.gov.au"),
    ("Andrey Medgwick","amedgwickd@homestead.com"),
    ("Linnea Klimas","lklimase@craigslist.org"),
    ("Forest Lawland","flawlandf@storify.com"),
    ("Gates Farndell","gfarndellg@xing.com"),
    ("Tricia Nevison","tnevisonh@toplist.cz"),
    ("Roseanne Ashelford","rashelfordi@jiathis.com"),
    ("Gale Tabary","gtabaryj@ow.ly"),
    ("Kellyann Lowthian","klowthiank@homestead.com"),
    ("Renell Spedroni","rspedronil@ihg.com"),
    ("Egor Pepys","epepysm@abc.net.au"),
    ("Griffin Hallgarth","ghallgarthn@uol.com.br"),
    ("Beret Aldwich","baldwicho@blinklist.com"),
    ("Demetrius Dovydenas","ddovydenasp@oaic.gov.au"),
    ("Trstram Piwall","tpiwallq@tiny.cc"),
    ("Isahella Vasishchev","ivasishchevr@ovh.net"),
    ("Reina Fleisch","rfleischs@yahoo.co.jp"),
    ("Ira Firebrace","ifirebracet@alexa.com"),
    ("Kayla Sanham","ksanhamu@fema.gov"),
    ("Christen Spellissy","cspellissyv@de.vu"),
    ("Shirley Petyankin","spetyankinw@redcross.org"),
    ("Brigida Ivshin","bivshinx@paginegialle.it"),
    ("Dagmar Gayton","dgaytony@imageshack.us"),
    ("Genovera Walesa","gwalesaz@vkontakte.ru"),
    ("Yovonnda Clemanceau","yclemanceau10@themeforest.net"),
    ("Bertine Francescuccio","bfrancescuccio11@hatena.ne.jp"),
    ("Cletus Butterfill","cbutterfill12@w3.org"),
	('Redd Colvine','rclow0@cdbaby.com'),
	('Dore Measham','bduplan1@sciencedaily.com'),
	('Marwin Fante','dyarham2@latimes.com'),
	('Anna-diana Jotcham','wviggars3@fema.gov'),
	('Barr Galloway','hhobble4@hao123.com'),
	('Say Boissier','isenussi5@creativecommons.org'),
	('Sibella Dehm','ebrasier6@cnet.com'),
	('Neala Grinaugh','akitcher7@list-manage.com'),
	('Tiffie La Vigne','hscad8@angelfire.com'),
	('Gates Giraudoux','bplacide9@delicious.com'),
	('Doug Stanlike','balimana@patch.com'),
	('Miquela Arnfield','mummfreyb@mac.com'),
	('Dody Witling','fmatelaitisc@bbb.org'),
	('Heida Saxelby','bpeachmand@unc.edu'),
	('Anabella Clausen','clethbridgee@yolasite.com'),
	('Tybalt Litterick','llemerief@boston.com'),
	('Harlen Sinncock','gmillionsg@nps.gov'),
	('Shirl Sandys','broxburghh@youtu.be'),
	('Michaela Kinane','oreveleyi@123-reg.co.uk'),
	('Skippie Santostefano.','ceirwinj@examiner.com'),
	('Gustaf Kittredge','eguntripk@jimdo.com'),
	('Mala Seven','bchooterl@bravesites.com'),
	('Eleanora Loney','gmclugishm@answers.com'),
	('Noach Swainsbury','mlettyn@comcast.net'),
	('Milt Eggleson','ybroscho@angelfire.com'),
	('Marin Tillard','fvonderemptenp@admin.ch'),
	('Jazmin Sarton','ltrythallq@msu.edu'),
	('Jude Galley','ecosgrover@about.com'),
	('Nari Applewhite','pbaddeleys@example.com'),
	('Tabina Burndred','pjobbinst@sphinn.com'),
	('Cedric Noone','jwickersleyu@stumbleupon.com'),
	('Torie Mumberson','yduferiev@dion.ne.jp'),
	('Irvin McIlveen','kmcmainsw@purevolume.com'),
	('Rosalinde Drable','dgirschx@github.io'),
	('Hewett Oneal','dbeethamy@xing.com'),
	('Lana Pyford','rgonzalezz@livejournal.com'),
	('Caro Ericssen','peggar10@apache.org'),
	('Michelle Cankett','bsitford11@uiuc.edu'),
	('Randi Andrioletti','livanyushkin12@canalblog.com');
	
INSERT INTO SELLER
    (email,bio,photo)
VALUES
    ("tlongmead0@epa.gov","Etiam vel augue. Vestibulum rutrum rutrum neque.","http://dummyimage.com/363x314.jpg/ff4444/ffffff"),
    ("gcordelle1@fastcompany.com","In est risus, auctor sed, tristique in, tempus sit amet, sem.","http://dummyimage.com/297x486.jpg/cc0000/ffffff"),
    ("bstutely2@forbes.com","Fusce consequat. Nulla nisl.","http://dummyimage.com/349x445.jpg/5fa2dd/ffffff"),
    ("lhaxbie3@hao123.com","Duis consequat dui nec nisi volutpat eleifend. Donec ut dolor.","http://dummyimage.com/461x302.jpg/ff4444/ffffff"),
    ("adohmer4@gravatar.com","Integer aliquet, massa id lobortis convallis, tortor risus dapibus augue, vel accumsan tellus nisi eu orci. Mauris lacinia sapien quis libero. Nullam sit amet turpis elementum ligula vehicula consequat.","http://dummyimage.com/260x486.jpg/5fa2dd/ffffff"),
    ("kkraft5@smugmug.com","Nulla ut erat id mauris vulputate elementum. Nullam varius.","http://dummyimage.com/340x266.jpg/cc0000/ffffff"),
    ("braggles6@japanpost.jp","Vivamus metus arcu, adipiscing molestie, hendrerit at, vulputate vitae, nisl. Aenean lectus.","http://dummyimage.com/317x483.jpg/dddddd/000000"),
    ("sheintsch7@360.cn","Nullam varius. Nulla facilisi. Cras non velit nec nisi vulputate nonummy.","http://dummyimage.com/486x252.jpg/dddddd/000000"),
    ("abavin8@blogger.com","Lorem ipsum dolor sit amet, consectetuer adipiscing elit. Proin risus. Praesent lectus. Vestibulum quam sapien, varius ut, blandit non, interdum in, ante.","http://dummyimage.com/280x489.jpg/ff4444/ffffff"),
    ("sskegg9@buzzfeed.com","Morbi porttitor lorem id ligula. Suspendisse ornare consequat lectus. In est risus, auctor sed, tristique in, tempus sit amet, sem. Fusce consequat.","http://dummyimage.com/457x282.jpg/cc0000/ffffff"),
    ("lwhellamsa@deliciousdays.com","Aliquam non mauris.","http://dummyimage.com/469x284.jpg/dddddd/000000"),
    ("agathererb@gmpg.org","Vestibulum ac est lacinia nisi venenatis tristique. Fusce congue, diam id ornare imperdiet, sapien urna pretium nisl, ut volutpat sapien arcu sed augue. Aliquam erat volutpat.","http://dummyimage.com/277x366.jpg/ff4444/ffffff"),
    ("scarrattc@privacy.gov.au","In hac habitasse platea dictumst.","http://dummyimage.com/463x441.jpg/5fa2dd/ffffff"),
    ("amedgwickd@homestead.com","Nulla tellus. In sagittis dui vel nisl. Duis ac nibh.","http://dummyimage.com/410x372.jpg/5fa2dd/ffffff"),
    ("lklimase@craigslist.org","Nulla tellus. In sagittis dui vel nisl.","http://dummyimage.com/389x361.jpg/ff4444/ffffff"),
    ("flawlandf@storify.com","Nam dui. Proin leo odio, porttitor id, consequat in, consequat ut, nulla. Sed accumsan felis.","http://dummyimage.com/467x320.jpg/cc0000/ffffff"),
    ("gfarndellg@xing.com","Donec odio justo, sollicitudin ut, suscipit a, feugiat et, eros. Vestibulum ac est lacinia nisi venenatis tristique. Fusce congue, diam id ornare imperdiet, sapien urna pretium nisl, ut volutpat sapien arcu sed augue.","http://dummyimage.com/377x281.jpg/dddddd/000000"),
    ("tnevisonh@toplist.cz","Nam nulla. Integer pede justo, lacinia eget, tincidunt eget, tempus vel, pede. Morbi porttitor lorem id ligula. Suspendisse ornare consequat lectus.","http://dummyimage.com/322x500.jpg/5fa2dd/ffffff"),
    ("rashelfordi@jiathis.com","Integer ac neque. Duis bibendum. Morbi non quam nec dui luctus rutrum. Nulla tellus.","http://dummyimage.com/329x348.jpg/5fa2dd/ffffff"),
    ("gtabaryj@ow.ly","Integer ac neque. Duis bibendum. Morbi non quam nec dui luctus rutrum.","http://dummyimage.com/283x259.jpg/dddddd/000000"),
    ("klowthiank@homestead.com","Suspendisse potenti. In eleifend quam a odio.","http://dummyimage.com/451x264.jpg/cc0000/ffffff"),
    ("rspedronil@ihg.com","Aliquam augue quam, sollicitudin vitae, consectetuer eget, rutrum at, lorem. Integer tincidunt ante vel ipsum.","http://dummyimage.com/318x480.jpg/5fa2dd/ffffff"),
    ("epepysm@abc.net.au","Praesent blandit lacinia erat. Vestibulum sed magna at nunc commodo placerat.","http://dummyimage.com/297x426.jpg/ff4444/ffffff"),
    ("ghallgarthn@uol.com.br","In est risus, auctor sed, tristique in, tempus sit amet, sem. Fusce consequat. Nulla nisl.","http://dummyimage.com/444x391.jpg/ff4444/ffffff"),
    ("baldwicho@blinklist.com","Mauris enim leo, rhoncus sed, vestibulum sit amet, cursus id, turpis. Integer aliquet, massa id lobortis convallis, tortor risus dapibus augue, vel accumsan tellus nisi eu orci.","http://dummyimage.com/427x300.jpg/5fa2dd/ffffff"),
    ("ddovydenasp@oaic.gov.au","Duis bibendum, felis sed interdum venenatis, turpis enim blandit mi, in porttitor pede justo eu massa. Donec dapibus. Duis at velit eu est congue elementum.","http://dummyimage.com/307x444.jpg/cc0000/ffffff"),
    ("tpiwallq@tiny.cc","Quisque porta volutpat erat.","http://dummyimage.com/299x352.jpg/ff4444/ffffff"),
    ("ivasishchevr@ovh.net","Curabitur gravida nisi at nibh.","http://dummyimage.com/406x348.jpg/dddddd/000000"),
    ("rfleischs@yahoo.co.jp","Lorem ipsum dolor sit amet, consectetuer adipiscing elit. Proin risus. Praesent lectus.","http://dummyimage.com/297x269.jpg/cc0000/ffffff"),
    ("ifirebracet@alexa.com","Nulla ut erat id mauris vulputate elementum. Nullam varius. Nulla facilisi.","http://dummyimage.com/305x467.jpg/dddddd/000000"),
    ("ksanhamu@fema.gov","Suspendisse accumsan tortor quis turpis. Sed ante. Vivamus tortor.","http://dummyimage.com/340x342.jpg/ff4444/ffffff"),
    ("cspellissyv@de.vu","Donec quis orci eget orci vehicula condimentum. Curabitur in libero ut massa volutpat convallis. Morbi odio odio, elementum eu, interdum eu, tincidunt in, leo. Maecenas pulvinar lobortis est.","http://dummyimage.com/263x373.jpg/5fa2dd/ffffff"),
    ("spetyankinw@redcross.org","Integer ac leo. Pellentesque ultrices mattis odio.","http://dummyimage.com/369x484.jpg/cc0000/ffffff"),
    ("bivshinx@paginegialle.it","Phasellus sit amet erat. Nulla tempus.","http://dummyimage.com/424x257.jpg/cc0000/ffffff"),
    ("dgaytony@imageshack.us","Curabitur gravida nisi at nibh. In hac habitasse platea dictumst.","http://dummyimage.com/465x284.jpg/cc0000/ffffff"),
    ("gwalesaz@vkontakte.ru","Etiam justo. Etiam pretium iaculis justo.","http://dummyimage.com/476x434.jpg/ff4444/ffffff"),
    ("yclemanceau10@themeforest.net","Nam dui. Proin leo odio, porttitor id, consequat in, consequat ut, nulla. Sed accumsan felis.","http://dummyimage.com/257x359.jpg/5fa2dd/ffffff"),
    ("bfrancescuccio11@hatena.ne.jp","Suspendisse potenti. Cras in purus eu magna vulputate luctus.","http://dummyimage.com/456x314.jpg/5fa2dd/ffffff"),
    ("cbutterfill12@w3.org","Cras in purus eu magna vulputate luctus.","http://dummyimage.com/463x264.jpg/5fa2dd/ffffff");

INSERT INTO STORE
    (seller_email,name,banner,description)
VALUES
    ("tlongmead0@epa.gov","Goyette Group","http://dummyimage.com/941x483.jpg/ff4444/ffffff","Fusce consequat. Nulla nisl. Nunc nisl. Duis bibendum, felis sed interdum venenatis, turpis enim blandit mi, in porttitor pede justo eu massa. Donec dapibus. Duis at velit eu est congue elementum. In hac habitasse platea dictumst."),
    ("gcordelle1@fastcompany.com","Vandervort, Beier and Mraz","http://dummyimage.com/919x405.jpg/ff4444/ffffff","Phasellus in felis. Donec semper sapien a libero. Nam dui. Proin leo odio, porttitor id, consequat in, consequat ut, nulla. Sed accumsan felis."),
    ("bstutely2@forbes.com","Bogisich and Sons","http://dummyimage.com/1067x318.jpg/ff4444/ffffff","Aenean sit amet justo. Morbi ut odio. Cras mi pede, malesuada in, imperdiet et, commodo vulputate, justo. In blandit ultrices enim. Lorem ipsum dolor sit amet, consectetuer adipiscing elit."),
    ("lhaxbie3@hao123.com","Keebler-Schultz","http://dummyimage.com/1091x321.jpg/cc0000/ffffff","Aenean lectus. Pellentesque eget nunc."),
    ("adohmer4@gravatar.com","Pfeffer-Kris","http://dummyimage.com/1080x466.jpg/ff4444/ffffff","###############################################################################################################################################################################################################################################################"),
    ("kkraft5@smugmug.com","Breitenberg-VonRueden","http://dummyimage.com/856x439.jpg/ff4444/ffffff","Maecenas ut massa quis augue luctus tincidunt. Nulla mollis molestie lorem. Quisque ut erat."),
    ("braggles6@japanpost.jp","Ortiz-Parisian","http://dummyimage.com/966x394.jpg/ff4444/ffffff","###############################################################################################################################################################################################################################################################"),
    ("sheintsch7@360.cn","Wehner, Schulist and Morissette","http://dummyimage.com/994x303.jpg/dddddd/000000","Quisque ut erat. Curabitur gravida nisi at nibh. In hac habitasse platea dictumst. Aliquam augue quam, sollicitudin vitae, consectetuer eget, rutrum at, lorem. Integer tincidunt ante vel ipsum."),
    ("abavin8@blogger.com","Sipes-Waelchi","http://dummyimage.com/804x391.jpg/dddddd/000000","Suspendisse ornare consequat lectus. In est risus, auctor sed, tristique in, tempus sit amet, sem. Fusce consequat."),
    ("sskegg9@buzzfeed.com","Ryan LLC","http://dummyimage.com/873x252.jpg/dddddd/000000","###############################################################################################################################################################################################################################################################"),
    ("lwhellamsa@deliciousdays.com","Jakubowski, Veum and Welch","http://dummyimage.com/855x451.jpg/cc0000/ffffff","Donec posuere metus vitae ipsum."),
    ("agathererb@gmpg.org","Hirthe-Simonis","http://dummyimage.com/1114x275.jpg/dddddd/000000","Vivamus in felis eu sapien cursus vestibulum. Proin eu mi."),
    ("scarrattc@privacy.gov.au","Sipes-Wilderman","http://dummyimage.com/813x370.jpg/cc0000/ffffff","In hac habitasse platea dictumst."),
    ("amedgwickd@homestead.com","Leuschke-Weissnat","http://dummyimage.com/1192x362.jpg/5fa2dd/ffffff","Mauris lacinia sapien quis libero. Nullam sit amet turpis elementum ligula vehicula consequat. Morbi a ipsum. Integer a nibh. In quis justo. Maecenas rhoncus aliquam lacus."),
    ("lklimase@craigslist.org","Gleichner-Koelpin","http://dummyimage.com/1087x475.jpg/cc0000/ffffff","Curabitur in libero ut massa volutpat convallis. Morbi odio odio, elementum eu, interdum eu, tincidunt in, leo. Maecenas pulvinar lobortis est."),
    ("flawlandf@storify.com","Nicolas, Gleichner and Wiegand","http://dummyimage.com/1090x324.jpg/5fa2dd/ffffff","Nunc rhoncus dui vel sem."),
    ("gfarndellg@xing.com","Ferry, Gerhold and Thiel","http://dummyimage.com/961x250.jpg/ff4444/ffffff","###############################################################################################################################################################################################################################################################"),
    ("tnevisonh@toplist.cz","O'Conner-Stark","http://dummyimage.com/1044x473.jpg/cc0000/ffffff","Donec semper sapien a libero. Nam dui. Proin leo odio, porttitor id, consequat in, consequat ut, nulla. Sed accumsan felis. Ut at dolor quis odio consequat varius. Integer ac leo."),
    ("rashelfordi@jiathis.com","Fisher, Marquardt and Kulas","http://dummyimage.com/1135x290.jpg/dddddd/000000","###############################################################################################################################################################################################################################################################"),
    ("gtabaryj@ow.ly","Krajcik Inc","http://dummyimage.com/835x452.jpg/5fa2dd/ffffff","Phasellus sit amet erat."),
    ("klowthiank@homestead.com","Kohler-Lehner","http://dummyimage.com/1082x377.jpg/ff4444/ffffff","###############################################################################################################################################################################################################################################################"),
    ("rspedronil@ihg.com","Leuschke-Hermann","http://dummyimage.com/1194x362.jpg/dddddd/000000","###############################################################################################################################################################################################################################################################"),
    ("epepysm@abc.net.au","Littel Inc","http://dummyimage.com/820x389.jpg/ff4444/ffffff","###############################################################################################################################################################################################################################################################"),
    ("ghallgarthn@uol.com.br","Abernathy-Carter","http://dummyimage.com/1025x435.jpg/ff4444/ffffff","Duis ac nibh. Fusce lacus purus, aliquet at, feugiat non, pretium quis, lectus."),
    ("baldwicho@blinklist.com","Kulas, Simonis and Smitham","http://dummyimage.com/1015x379.jpg/dddddd/000000","Vestibulum rutrum rutrum neque. Aenean auctor gravida sem. Praesent id massa id nisl venenatis lacinia. Aenean sit amet justo."),
    ("ddovydenasp@oaic.gov.au","Walter-O'Keefe","http://dummyimage.com/1172x253.jpg/dddddd/000000","In tempor, turpis nec euismod scelerisque, quam turpis adipiscing lorem, vitae mattis nibh ligula nec sem. Duis aliquam convallis nunc. Proin at turpis a pede posuere nonummy."),
    ("tpiwallq@tiny.cc","Beer Inc","http://dummyimage.com/1144x331.jpg/5fa2dd/ffffff","###############################################################################################################################################################################################################################################################"),
    ("ivasishchevr@ovh.net","Swaniawski and Sons","http://dummyimage.com/1078x442.jpg/5fa2dd/ffffff","Morbi odio odio, elementum eu, interdum eu, tincidunt in, leo. Maecenas pulvinar lobortis est. Phasellus sit amet erat. Nulla tempus. Vivamus in felis eu sapien cursus vestibulum. Proin eu mi. Nulla ac enim."),
    ("rfleischs@yahoo.co.jp","Dicki-Simonis","http://dummyimage.com/931x362.jpg/cc0000/ffffff","###############################################################################################################################################################################################################################################################"),
    ("ifirebracet@alexa.com","Quigley Group","http://dummyimage.com/882x384.jpg/ff4444/ffffff","Sed ante. Vivamus tortor."),
    ("ksanhamu@fema.gov","Murazik Group","http://dummyimage.com/823x430.jpg/ff4444/ffffff","###############################################################################################################################################################################################################################################################"),
    ("cspellissyv@de.vu","Russel, Schmeler and Thiel","http://dummyimage.com/1029x329.jpg/cc0000/ffffff","Aenean fermentum. Donec ut mauris eget massa tempor convallis. Nulla neque libero, convallis eget, eleifend luctus, ultricies eu, nibh."),
    ("spetyankinw@redcross.org","Senger and Sons","http://dummyimage.com/885x314.jpg/ff4444/ffffff","Quisque porta volutpat erat. Quisque erat eros, viverra eget, congue eget, semper rutrum, nulla. Nunc purus. Phasellus in felis. Donec semper sapien a libero. Nam dui."),
    ("bivshinx@paginegialle.it","Walter, Hilll and Murray","http://dummyimage.com/1155x346.jpg/ff4444/ffffff","Nam dui. Proin leo odio, porttitor id, consequat in, consequat ut, nulla. Sed accumsan felis. Ut at dolor quis odio consequat varius. Integer ac leo."),
    ("dgaytony@imageshack.us","Olson LLC","http://dummyimage.com/924x392.jpg/cc0000/ffffff","Lorem ipsum dolor sit amet, consectetuer adipiscing elit. Proin risus. Praesent lectus."),
    ("gwalesaz@vkontakte.ru","Padberg and Sons","http://dummyimage.com/1114x499.jpg/5fa2dd/ffffff","Ut at dolor quis odio consequat varius. Integer ac leo. Pellentesque ultrices mattis odio."),
    ("yclemanceau10@themeforest.net","Hirthe and Sons","http://dummyimage.com/975x302.jpg/cc0000/ffffff","Vivamus tortor. Duis mattis egestas metus. Aenean fermentum. Donec ut mauris eget massa tempor convallis. Nulla neque libero, convallis eget, eleifend luctus, ultricies eu, nibh. Quisque id justo sit amet sapien dignissim vestibulum."),
    ("bfrancescuccio11@hatena.ne.jp","Ledner Inc","http://dummyimage.com/1100x298.jpg/cc0000/ffffff","Nunc purus. Phasellus in felis."),
    ("cbutterfill12@w3.org","Mohr, Mann and Weissnat","http://dummyimage.com/1174x271.jpg/cc0000/ffffff","###############################################################################################################################################################################################################################################################");

INSERT INTO BUYER
	(email, karma_points)
VALUES
('rclow0@cdbaby.com',69),
('bduplan1@sciencedaily.com',103),
('dyarham2@latimes.com',69),
('wviggars3@fema.gov',94),
('hhobble4@hao123.com',70),
('isenussi5@creativecommons.org',63),
('ebrasier6@cnet.com',94),
('akitcher7@list-manage.com',64),
('hscad8@angelfire.com',73),
('bplacide9@delicious.com',10),
('balimana@patch.com',18),
('mummfreyb@mac.com',15),
('fmatelaitisc@bbb.org',71),
('bpeachmand@unc.edu',134),
('clethbridgee@yolasite.com',34),
('llemerief@boston.com',131),
('gmillionsg@nps.gov',143),
('broxburghh@youtu.be',42),
('oreveleyi@123-reg.co.uk',68),
('ceirwinj@examiner.com',20),
('eguntripk@jimdo.com',22),
('bchooterl@bravesites.com',112),
('gmclugishm@answers.com',127),
('mlettyn@comcast.net',108),
('ybroscho@angelfire.com',126),
('fvonderemptenp@admin.ch',75),
('ltrythallq@msu.edu',148),
('ecosgrover@about.com',129),
('pbaddeleys@example.com',36),
('pjobbinst@sphinn.com',110),
('jwickersleyu@stumbleupon.com',10),
('yduferiev@dion.ne.jp',94),
('kmcmainsw@purevolume.com',101),
('dgirschx@github.io',93),
('dbeethamy@xing.com',27),
('rgonzalezz@livejournal.com',146),
('peggar10@apache.org',26),
('bsitford11@uiuc.edu',123),
('livanyushkin12@canalblog.com',112);

INSERT INTO PAYMENT
    (payment_id,amount_spent)
VALUES
	(430188842,111.61),
	(59780520,177.27),
	(78081205,177.73),
	(678007034,105.56),
	(780133176,132.44),
	(33251581,232.1),
	(735070324,409.78),
	(83835194,233.76),
	(509628321,24.45),
	(116108410,215.68),
	(214223008,412.82),
	(619779048,89.84),
	(789177211,342.65),
	(291564175,81.16),
	(831943407,222.18),
	(200009923,170.42),
	(463225104,303.37),
	(112332618,104.48),
	(769859754,323.98),
	(976922272,230.85),
	(240471970,78.6),
	(611447440,20.67),
	(605489953,473.5),
	(440627395,349.58),
	(697605046,452.52),
	(939663050,223.04),
	(580950087,199.68),
	(307122167,472.59),
	(825546832,39.53),
	(248464907,460),
	(550143768,262.98),
	(649847105,373.66),
	(30917779,239.28),
	(373838721,301.82),
	(720130533,193.48),
	(244593544,138.18),
	(29162175,73.76),
	(184456158,437.3),
	(646114383,3.43);

	

INSERT INTO PURCHASE
    (confirmation_no,receiver_email,gift,buyer_email,payment_id, purchase_date)
VALUES
(388662744,'afetteplace0@blinklist.com',TRUE,'rclow0@cdbaby.com',83835194,'02/17/2020 02:40'),
(310641373,'bhalgarth1@blog.com',TRUE,'bduplan1@sciencedaily.com',200009923,'05/28/2017 17:05'),
(606683340,'nguwer2@si.edu',FALSE,'dyarham2@latimes.com',619779048,'01/14/2020 18:55'),
(634971914,'twasiel3@diigo.com',FALSE,'wviggars3@fema.gov',678007034,'02/08/2020 08:56'),
(125711279,'nivan4@devhub.com',TRUE,'hhobble4@hao123.com',611447440,'02/20/2019 08:33'),
(567474333,'blongstreeth5@weebly.com',TRUE,'isenussi5@creativecommons.org',976922272,'01/12/2018 19:45'),
(799854947,'gloosely6@oakley.com',TRUE,'ebrasier6@cnet.com',59780520,'12/09/2019 02:46'),
(614212194,'rmandrier7@phpbb.com',TRUE,'akitcher7@list-manage.com',649847105,'10/05/2018 01:34'),
(834895473,'ajaycock8@tmall.com',TRUE,'hscad8@angelfire.com',240471970,'08/09/2017 21:09'),
(478298822,'cbryson9@nationalgeographic.com',TRUE,'bplacide9@delicious.com',291564175,'08/08/2018 06:15'),
(644594099,'kmcgourtya@altervista.org',TRUE,'balimana@patch.com',509628321,'12/24/2019 03:49'),
(198021014,'taggeb@yahoo.co.jp',FALSE,'mummfreyb@mac.com',735070324,'11/15/2018 14:15'),
(960853395,'dsimpkinc@geocities.com',FALSE,'fmatelaitisc@bbb.org',184456158,'11/09/2019 21:29'),
(639396396,'cstoterd@shareasale.com',TRUE,'bpeachmand@unc.edu',373838721,'06/17/2018 08:13'),
(205660754,'dcauldwelle@list-manage.com',FALSE,'clethbridgee@yolasite.com',939663050,'12/14/2018 16:31'),
(18575705,'sseelbachf@ameblo.jp',TRUE,'llemerief@boston.com',244593544,'11/18/2019 21:16'),
(262926933,'mfuzzeyg@buzzfeed.com',TRUE,'gmillionsg@nps.gov',646114383,'05/25/2018 00:44'),
(342573074,'rtennickh@skype.com',TRUE,'broxburghh@youtu.be',430188842,'05/23/2019 12:48'),
(287240943,'mleadstonei@tripod.com',TRUE,'oreveleyi@123-reg.co.uk',831943407,'07/18/2018 15:47'),
(199984741,'rmcphelimj@twitpic.com',FALSE,'ceirwinj@examiner.com',116108410,'02/18/2020 18:00'),
(176999368,'mbourgesk@istockphoto.com',FALSE,'eguntripk@jimdo.com',605489953,'08/14/2018 05:55'),
(456371388,'jastyl@acquirethisname.com',FALSE,'bchooterl@bravesites.com',33251581,'08/31/2019 20:03'),
(354420989,'bflavellem@mtv.com',TRUE,'gmclugishm@answers.com',697605046,'11/21/2019 23:19'),
(847989534,'labbittn@epa.gov',TRUE,'mlettyn@comcast.net',789177211,'12/19/2018 11:04'),
(131606442,'blambrichto@ihg.com',TRUE,'ybroscho@angelfire.com',112332618,'07/15/2018 17:42'),
(342424261,'dmoulandp@mayoclinic.com',TRUE,'fvonderemptenp@admin.ch',720130533,'03/01/2019 03:41'),
(600113092,'dwhykeq@shutterfly.com',TRUE,'ltrythallq@msu.edu',248464907,'07/12/2017 17:01'),
(872124125,'rstandingr@mozilla.org',TRUE,'ecosgrover@about.com',769859754,'01/31/2018 03:30'),
(336264002,'laxups@spotify.com',FALSE,'pbaddeleys@example.com',780133176,'12/01/2018 09:44'),
(803221623,'ssighartt@ftc.gov',TRUE,'pjobbinst@sphinn.com',29162175,'03/21/2018 16:01'),
(529714174,'gdovermannu@netvibes.com',TRUE,'jwickersleyu@stumbleupon.com',825546832,'09/23/2018 02:11'),
(572707620,'sconwayv@kickstarter.com',FALSE,'yduferiev@dion.ne.jp',580950087,'12/28/2019 23:36'),
(836589635,'echudleighw@ucoz.ru',TRUE,'kmcmainsw@purevolume.com',214223008,'05/28/2017 20:34'),
(16111497,'akenworthyx@ameblo.jp',FALSE,'dgirschx@github.io',307122167,'07/10/2017 03:36'),
(88710942,'gglassborowy@themeforest.net',TRUE,'dbeethamy@xing.com',30917779,'06/29/2017 16:34'),
(447311632,'fdowbakinz@msn.com',TRUE,'rgonzalezz@livejournal.com',550143768,'10/24/2019 12:11'),
(891588277,'djanuszkiewicz10@g.co',TRUE,'peggar10@apache.org',440627395,'06/14/2018 17:29'),
(834084780,'rsergeant11@usa.gov',TRUE,'bsitford11@uiuc.edu',463225104,'02/20/2020 11:34'),
(288317331,'earlow12@chronoengine.com',FALSE,'livanyushkin12@canalblog.com',78081205,'06/14/2017 11:02');

INSERT INTO karma_points
	(payment_id)
VALUES
(769859754),
(580950087),
(463225104),
(509628321),
(939663050),
(831943407),
(30917779),
(780133176),
(240471970),
(611447440),
(244593544),
(184456158),
(59780520),
(33251581),
(307122167),
(83835194),
(248464907),
(646114383),
(619779048),
(373838721),
(112332618),
(291564175),
(214223008),
(735070324),
(440627395),
(29162175),
(605489953),
(78081205),
(678007034),
(430188842),
(550143768),
(789177211),
(825546832),
(200009923),
(697605046),
(976922272),
(116108410),
(720130533),
(649847105);

INSERT INTO CRYPTO_CURRENCY
	(payment_id,currency,account_number)
VALUES
(307122167,'NZD',635998630),
(184456158,'CHF',184046617),
(825546832,'CAD',452013508),
(976922272,'GBP',672159460),
(463225104,'AUD',332222718),
(509628321,'JPY',258894635),
(240471970,'USD',279626061),
(30917779,'EUR',250176212),
(580950087,'USD',501661510),
(646114383,'USD',291093569),
(116108410,'AUD',337418681),
(720130533,'USD',113839814),
(59780520,'USD',248949907),
(678007034,'AUD',570054296),
(29162175,'USD',265095897),
(735070324,'USD',680144549),
(939663050,'EUR',840757893),
(619779048,'USD',764372389),
(697605046,'CAD',254441190),
(33251581,'USD',483376260),
(789177211,'USD',445803030),
(605489953,'CHF',360537860),
(244593544,'USD',409432453),
(373838721,'NZD',560051065),
(214223008,'USD',111605125),
(611447440,'CAD',656764041),
(248464907,'JPY',160588365),
(831943407,'EUR',264646403),
(550143768,'CAD',607189425),
(112332618,'GBP',915559039),
(83835194,'AUD',559913269),
(649847105,'EUR',702880540),
(200009923,'USD',117427984),
(440627395,'CAD',499908265),
(291564175,'CHF',510934877),
(430188842,'EUR',942655340),
(769859754,'USD',459269118),
(780133176,'CAD',274225388),
(78081205,'EUR',749972064);