INSERT INTO [USER]
    (name, email)
VALUES
    ("Trudey Longmead","tlongmead0@epa.gov"),
    ("Gene Cordelle","gcordelle1@fastcompany.com"),
    ("Brandie Stutely","bstutely2@forbes.com"),
    ("Loise Haxbie","lhaxbie3@hao123.com"),
    ("Arie Dohmer","adohmer4@gravatar.com"),
    ("Kermy Kraft","kkraft5@smugmug.com"),
    ("Bartel Raggles","braggles6@japanpost.jp"),
    ("Syd Heintsch","sheintsch7@360.cn"),
    ("Auberon Bavin","abavin8@blogger.com"),
    ("Sidonia Skegg","sskegg9@buzzfeed.com"),
    ("Laura Whellams","lwhellamsa@deliciousdays.com"),
    ("Alfonso Gatherer","agathererb@gmpg.org"),
    ("Shanda Carratt","scarrattc@privacy.gov.au"),
    ("Andrey Medgwick","amedgwickd@homestead.com"),
    ("Linnea Klimas","lklimase@craigslist.org"),
    ("Forest Lawland","flawlandf@storify.com"),
    ("Gates Farndell","gfarndellg@xing.com"),
    ("Tricia Nevison","tnevisonh@toplist.cz"),
    ("Roseanne Ashelford","rashelfordi@jiathis.com"),
    ("Gale Tabary","gtabaryj@ow.ly"),
    ("Kellyann Lowthian","klowthiank@homestead.com"),
    ("Renell Spedroni","rspedronil@ihg.com"),
    ("Egor Pepys","epepysm@abc.net.au"),
    ("Griffin Hallgarth","ghallgarthn@uol.com.br"),
    ("Beret Aldwich","baldwicho@blinklist.com"),
    ("Demetrius Dovydenas","ddovydenasp@oaic.gov.au"),
    ("Trstram Piwall","tpiwallq@tiny.cc"),
    ("Isahella Vasishchev","ivasishchevr@ovh.net"),
    ("Reina Fleisch","rfleischs@yahoo.co.jp"),
    ("Ira Firebrace","ifirebracet@alexa.com"),
    ("Kayla Sanham","ksanhamu@fema.gov"),
    ("Christen Spellissy","cspellissyv@de.vu"),
    ("Shirley Petyankin","spetyankinw@redcross.org"),
    ("Brigida Ivshin","bivshinx@paginegialle.it"),
    ("Dagmar Gayton","dgaytony@imageshack.us"),
    ("Genovera Walesa","gwalesaz@vkontakte.ru"),
    ("Yovonnda Clemanceau","yclemanceau10@themeforest.net"),
    ("Bertine Francescuccio","bfrancescuccio11@hatena.ne.jp"),
    ("Cletus Butterfill","cbutterfill12@w3.org"),
	('Redd Colvine','rclow0@cdbaby.com'),
	('Dore Measham','bduplan1@sciencedaily.com'),
	('Marwin Fante','dyarham2@latimes.com'),
	('Anna-diana Jotcham','wviggars3@fema.gov'),
	('Barr Galloway','hhobble4@hao123.com'),
	('Say Boissier','isenussi5@creativecommons.org'),
	('Sibella Dehm','ebrasier6@cnet.com'),
	('Neala Grinaugh','akitcher7@list-manage.com'),
	('Tiffie La Vigne','hscad8@angelfire.com'),
	('Gates Giraudoux','bplacide9@delicious.com'),
	('Doug Stanlike','balimana@patch.com'),
	('Miquela Arnfield','mummfreyb@mac.com'),
	('Dody Witling','fmatelaitisc@bbb.org'),
	('Heida Saxelby','bpeachmand@unc.edu'),
	('Anabella Clausen','clethbridgee@yolasite.com'),
	('Tybalt Litterick','llemerief@boston.com'),
	('Harlen Sinncock','gmillionsg@nps.gov'),
	('Shirl Sandys','broxburghh@youtu.be'),
	('Michaela Kinane','oreveleyi@123-reg.co.uk'),
	('Skippie Santostefano.','ceirwinj@examiner.com'),
	('Gustaf Kittredge','eguntripk@jimdo.com'),
	('Mala Seven','bchooterl@bravesites.com'),
	('Eleanora Loney','gmclugishm@answers.com'),
	('Noach Swainsbury','mlettyn@comcast.net'),
	('Milt Eggleson','ybroscho@angelfire.com'),
	('Marin Tillard','fvonderemptenp@admin.ch'),
	('Jazmin Sarton','ltrythallq@msu.edu'),
	('Jude Galley','ecosgrover@about.com'),
	('Nari Applewhite','pbaddeleys@example.com'),
	('Tabina Burndred','pjobbinst@sphinn.com'),
	('Cedric Noone','jwickersleyu@stumbleupon.com'),
	('Torie Mumberson','yduferiev@dion.ne.jp'),
	('Irvin McIlveen','kmcmainsw@purevolume.com'),
	('Rosalinde Drable','dgirschx@github.io'),
	('Hewett Oneal','dbeethamy@xing.com'),
	('Lana Pyford','rgonzalezz@livejournal.com'),
	('Caro Ericssen','peggar10@apache.org'),
	('Michelle Cankett','bsitford11@uiuc.edu'),
	('Randi Andrioletti','livanyushkin12@canalblog.com');
	
INSERT INTO SELLER
    (email,bio,photo)
VALUES
    ("tlongmead0@epa.gov","Etiam vel augue. Vestibulum rutrum rutrum neque.","http://dummyimage.com/363x314.jpg/ff4444/ffffff"),
    ("gcordelle1@fastcompany.com","In est risus, auctor sed, tristique in, tempus sit amet, sem.","http://dummyimage.com/297x486.jpg/cc0000/ffffff"),
    ("bstutely2@forbes.com","Fusce consequat. Nulla nisl.","http://dummyimage.com/349x445.jpg/5fa2dd/ffffff"),
    ("lhaxbie3@hao123.com","Duis consequat dui nec nisi volutpat eleifend. Donec ut dolor.","http://dummyimage.com/461x302.jpg/ff4444/ffffff"),
    ("adohmer4@gravatar.com","Integer aliquet, massa id lobortis convallis, tortor risus dapibus augue, vel accumsan tellus nisi eu orci. Mauris lacinia sapien quis libero. Nullam sit amet turpis elementum ligula vehicula consequat.","http://dummyimage.com/260x486.jpg/5fa2dd/ffffff"),
    ("kkraft5@smugmug.com","Nulla ut erat id mauris vulputate elementum. Nullam varius.","http://dummyimage.com/340x266.jpg/cc0000/ffffff"),
    ("braggles6@japanpost.jp","Vivamus metus arcu, adipiscing molestie, hendrerit at, vulputate vitae, nisl. Aenean lectus.","http://dummyimage.com/317x483.jpg/dddddd/000000"),
    ("sheintsch7@360.cn","Nullam varius. Nulla facilisi. Cras non velit nec nisi vulputate nonummy.","http://dummyimage.com/486x252.jpg/dddddd/000000"),
    ("abavin8@blogger.com","Lorem ipsum dolor sit amet, consectetuer adipiscing elit. Proin risus. Praesent lectus. Vestibulum quam sapien, varius ut, blandit non, interdum in, ante.","http://dummyimage.com/280x489.jpg/ff4444/ffffff"),
    ("sskegg9@buzzfeed.com","Morbi porttitor lorem id ligula. Suspendisse ornare consequat lectus. In est risus, auctor sed, tristique in, tempus sit amet, sem. Fusce consequat.","http://dummyimage.com/457x282.jpg/cc0000/ffffff"),
    ("lwhellamsa@deliciousdays.com","Aliquam non mauris.","http://dummyimage.com/469x284.jpg/dddddd/000000"),
    ("agathererb@gmpg.org","Vestibulum ac est lacinia nisi venenatis tristique. Fusce congue, diam id ornare imperdiet, sapien urna pretium nisl, ut volutpat sapien arcu sed augue. Aliquam erat volutpat.","http://dummyimage.com/277x366.jpg/ff4444/ffffff"),
    ("scarrattc@privacy.gov.au","In hac habitasse platea dictumst.","http://dummyimage.com/463x441.jpg/5fa2dd/ffffff"),
    ("amedgwickd@homestead.com","Nulla tellus. In sagittis dui vel nisl. Duis ac nibh.","http://dummyimage.com/410x372.jpg/5fa2dd/ffffff"),
    ("lklimase@craigslist.org","Nulla tellus. In sagittis dui vel nisl.","http://dummyimage.com/389x361.jpg/ff4444/ffffff"),
    ("flawlandf@storify.com","Nam dui. Proin leo odio, porttitor id, consequat in, consequat ut, nulla. Sed accumsan felis.","http://dummyimage.com/467x320.jpg/cc0000/ffffff"),
    ("gfarndellg@xing.com","Donec odio justo, sollicitudin ut, suscipit a, feugiat et, eros. Vestibulum ac est lacinia nisi venenatis tristique. Fusce congue, diam id ornare imperdiet, sapien urna pretium nisl, ut volutpat sapien arcu sed augue.","http://dummyimage.com/377x281.jpg/dddddd/000000"),
    ("tnevisonh@toplist.cz","Nam nulla. Integer pede justo, lacinia eget, tincidunt eget, tempus vel, pede. Morbi porttitor lorem id ligula. Suspendisse ornare consequat lectus.","http://dummyimage.com/322x500.jpg/5fa2dd/ffffff"),
    ("rashelfordi@jiathis.com","Integer ac neque. Duis bibendum. Morbi non quam nec dui luctus rutrum. Nulla tellus.","http://dummyimage.com/329x348.jpg/5fa2dd/ffffff"),
    ("gtabaryj@ow.ly","Integer ac neque. Duis bibendum. Morbi non quam nec dui luctus rutrum.","http://dummyimage.com/283x259.jpg/dddddd/000000"),
    ("klowthiank@homestead.com","Suspendisse potenti. In eleifend quam a odio.","http://dummyimage.com/451x264.jpg/cc0000/ffffff"),
    ("rspedronil@ihg.com","Aliquam augue quam, sollicitudin vitae, consectetuer eget, rutrum at, lorem. Integer tincidunt ante vel ipsum.","http://dummyimage.com/318x480.jpg/5fa2dd/ffffff"),
    ("epepysm@abc.net.au","Praesent blandit lacinia erat. Vestibulum sed magna at nunc commodo placerat.","http://dummyimage.com/297x426.jpg/ff4444/ffffff"),
    ("ghallgarthn@uol.com.br","In est risus, auctor sed, tristique in, tempus sit amet, sem. Fusce consequat. Nulla nisl.","http://dummyimage.com/444x391.jpg/ff4444/ffffff"),
    ("baldwicho@blinklist.com","Mauris enim leo, rhoncus sed, vestibulum sit amet, cursus id, turpis. Integer aliquet, massa id lobortis convallis, tortor risus dapibus augue, vel accumsan tellus nisi eu orci.","http://dummyimage.com/427x300.jpg/5fa2dd/ffffff"),
    ("ddovydenasp@oaic.gov.au","Duis bibendum, felis sed interdum venenatis, turpis enim blandit mi, in porttitor pede justo eu massa. Donec dapibus. Duis at velit eu est congue elementum.","http://dummyimage.com/307x444.jpg/cc0000/ffffff"),
    ("tpiwallq@tiny.cc","Quisque porta volutpat erat.","http://dummyimage.com/299x352.jpg/ff4444/ffffff"),
    ("ivasishchevr@ovh.net","Curabitur gravida nisi at nibh.","http://dummyimage.com/406x348.jpg/dddddd/000000"),
    ("rfleischs@yahoo.co.jp","Lorem ipsum dolor sit amet, consectetuer adipiscing elit. Proin risus. Praesent lectus.","http://dummyimage.com/297x269.jpg/cc0000/ffffff"),
    ("ifirebracet@alexa.com","Nulla ut erat id mauris vulputate elementum. Nullam varius. Nulla facilisi.","http://dummyimage.com/305x467.jpg/dddddd/000000"),
    ("ksanhamu@fema.gov","Suspendisse accumsan tortor quis turpis. Sed ante. Vivamus tortor.","http://dummyimage.com/340x342.jpg/ff4444/ffffff"),
    ("cspellissyv@de.vu","Donec quis orci eget orci vehicula condimentum. Curabitur in libero ut massa volutpat convallis. Morbi odio odio, elementum eu, interdum eu, tincidunt in, leo. Maecenas pulvinar lobortis est.","http://dummyimage.com/263x373.jpg/5fa2dd/ffffff"),
    ("spetyankinw@redcross.org","Integer ac leo. Pellentesque ultrices mattis odio.","http://dummyimage.com/369x484.jpg/cc0000/ffffff"),
    ("bivshinx@paginegialle.it","Phasellus sit amet erat. Nulla tempus.","http://dummyimage.com/424x257.jpg/cc0000/ffffff"),
    ("dgaytony@imageshack.us","Curabitur gravida nisi at nibh. In hac habitasse platea dictumst.","http://dummyimage.com/465x284.jpg/cc0000/ffffff"),
    ("gwalesaz@vkontakte.ru","Etiam justo. Etiam pretium iaculis justo.","http://dummyimage.com/476x434.jpg/ff4444/ffffff"),
    ("yclemanceau10@themeforest.net","Nam dui. Proin leo odio, porttitor id, consequat in, consequat ut, nulla. Sed accumsan felis.","http://dummyimage.com/257x359.jpg/5fa2dd/ffffff"),
    ("bfrancescuccio11@hatena.ne.jp","Suspendisse potenti. Cras in purus eu magna vulputate luctus.","http://dummyimage.com/456x314.jpg/5fa2dd/ffffff"),
    ("cbutterfill12@w3.org","Cras in purus eu magna vulputate luctus.","http://dummyimage.com/463x264.jpg/5fa2dd/ffffff");

INSERT INTO STORE
    (seller_email,name,banner,description)
VALUES
    ("tlongmead0@epa.gov","Goyette Group","http://dummyimage.com/941x483.jpg/ff4444/ffffff","Fusce consequat. Nulla nisl. Nunc nisl. Duis bibendum, felis sed interdum venenatis, turpis enim blandit mi, in porttitor pede justo eu massa. Donec dapibus. Duis at velit eu est congue elementum. In hac habitasse platea dictumst."),
    ("gcordelle1@fastcompany.com","Vandervort, Beier and Mraz","http://dummyimage.com/919x405.jpg/ff4444/ffffff","Phasellus in felis. Donec semper sapien a libero. Nam dui. Proin leo odio, porttitor id, consequat in, consequat ut, nulla. Sed accumsan felis."),
    ("bstutely2@forbes.com","Bogisich and Sons","http://dummyimage.com/1067x318.jpg/ff4444/ffffff","Aenean sit amet justo. Morbi ut odio. Cras mi pede, malesuada in, imperdiet et, commodo vulputate, justo. In blandit ultrices enim. Lorem ipsum dolor sit amet, consectetuer adipiscing elit."),
    ("lhaxbie3@hao123.com","Keebler-Schultz","http://dummyimage.com/1091x321.jpg/cc0000/ffffff","Aenean lectus. Pellentesque eget nunc."),
    ("adohmer4@gravatar.com","Pfeffer-Kris","http://dummyimage.com/1080x466.jpg/ff4444/ffffff","###############################################################################################################################################################################################################################################################"),
    ("kkraft5@smugmug.com","Breitenberg-VonRueden","http://dummyimage.com/856x439.jpg/ff4444/ffffff","Maecenas ut massa quis augue luctus tincidunt. Nulla mollis molestie lorem. Quisque ut erat."),
    ("braggles6@japanpost.jp","Ortiz-Parisian","http://dummyimage.com/966x394.jpg/ff4444/ffffff","###############################################################################################################################################################################################################################################################"),
    ("sheintsch7@360.cn","Wehner, Schulist and Morissette","http://dummyimage.com/994x303.jpg/dddddd/000000","Quisque ut erat. Curabitur gravida nisi at nibh. In hac habitasse platea dictumst. Aliquam augue quam, sollicitudin vitae, consectetuer eget, rutrum at, lorem. Integer tincidunt ante vel ipsum."),
    ("abavin8@blogger.com","Sipes-Waelchi","http://dummyimage.com/804x391.jpg/dddddd/000000","Suspendisse ornare consequat lectus. In est risus, auctor sed, tristique in, tempus sit amet, sem. Fusce consequat."),
    ("sskegg9@buzzfeed.com","Ryan LLC","http://dummyimage.com/873x252.jpg/dddddd/000000","###############################################################################################################################################################################################################################################################"),
    ("lwhellamsa@deliciousdays.com","Jakubowski, Veum and Welch","http://dummyimage.com/855x451.jpg/cc0000/ffffff","Donec posuere metus vitae ipsum."),
    ("agathererb@gmpg.org","Hirthe-Simonis","http://dummyimage.com/1114x275.jpg/dddddd/000000","Vivamus in felis eu sapien cursus vestibulum. Proin eu mi."),
    ("scarrattc@privacy.gov.au","Sipes-Wilderman","http://dummyimage.com/813x370.jpg/cc0000/ffffff","In hac habitasse platea dictumst."),
    ("amedgwickd@homestead.com","Leuschke-Weissnat","http://dummyimage.com/1192x362.jpg/5fa2dd/ffffff","Mauris lacinia sapien quis libero. Nullam sit amet turpis elementum ligula vehicula consequat. Morbi a ipsum. Integer a nibh. In quis justo. Maecenas rhoncus aliquam lacus."),
    ("lklimase@craigslist.org","Gleichner-Koelpin","http://dummyimage.com/1087x475.jpg/cc0000/ffffff","Curabitur in libero ut massa volutpat convallis. Morbi odio odio, elementum eu, interdum eu, tincidunt in, leo. Maecenas pulvinar lobortis est."),
    ("flawlandf@storify.com","Nicolas, Gleichner and Wiegand","http://dummyimage.com/1090x324.jpg/5fa2dd/ffffff","Nunc rhoncus dui vel sem."),
    ("gfarndellg@xing.com","Ferry, Gerhold and Thiel","http://dummyimage.com/961x250.jpg/ff4444/ffffff","###############################################################################################################################################################################################################################################################"),
    ("tnevisonh@toplist.cz","O'Conner-Stark","http://dummyimage.com/1044x473.jpg/cc0000/ffffff","Donec semper sapien a libero. Nam dui. Proin leo odio, porttitor id, consequat in, consequat ut, nulla. Sed accumsan felis. Ut at dolor quis odio consequat varius. Integer ac leo."),
    ("rashelfordi@jiathis.com","Fisher, Marquardt and Kulas","http://dummyimage.com/1135x290.jpg/dddddd/000000","###############################################################################################################################################################################################################################################################"),
    ("gtabaryj@ow.ly","Krajcik Inc","http://dummyimage.com/835x452.jpg/5fa2dd/ffffff","Phasellus sit amet erat."),
    ("klowthiank@homestead.com","Kohler-Lehner","http://dummyimage.com/1082x377.jpg/ff4444/ffffff","###############################################################################################################################################################################################################################################################"),
    ("rspedronil@ihg.com","Leuschke-Hermann","http://dummyimage.com/1194x362.jpg/dddddd/000000","###############################################################################################################################################################################################################################################################"),
    ("epepysm@abc.net.au","Littel Inc","http://dummyimage.com/820x389.jpg/ff4444/ffffff","###############################################################################################################################################################################################################################################################"),
    ("ghallgarthn@uol.com.br","Abernathy-Carter","http://dummyimage.com/1025x435.jpg/ff4444/ffffff","Duis ac nibh. Fusce lacus purus, aliquet at, feugiat non, pretium quis, lectus."),
    ("baldwicho@blinklist.com","Kulas, Simonis and Smitham","http://dummyimage.com/1015x379.jpg/dddddd/000000","Vestibulum rutrum rutrum neque. Aenean auctor gravida sem. Praesent id massa id nisl venenatis lacinia. Aenean sit amet justo."),
    ("ddovydenasp@oaic.gov.au","Walter-O'Keefe","http://dummyimage.com/1172x253.jpg/dddddd/000000","In tempor, turpis nec euismod scelerisque, quam turpis adipiscing lorem, vitae mattis nibh ligula nec sem. Duis aliquam convallis nunc. Proin at turpis a pede posuere nonummy."),
    ("tpiwallq@tiny.cc","Beer Inc","http://dummyimage.com/1144x331.jpg/5fa2dd/ffffff","###############################################################################################################################################################################################################################################################"),
    ("ivasishchevr@ovh.net","Swaniawski and Sons","http://dummyimage.com/1078x442.jpg/5fa2dd/ffffff","Morbi odio odio, elementum eu, interdum eu, tincidunt in, leo. Maecenas pulvinar lobortis est. Phasellus sit amet erat. Nulla tempus. Vivamus in felis eu sapien cursus vestibulum. Proin eu mi. Nulla ac enim."),
    ("rfleischs@yahoo.co.jp","Dicki-Simonis","http://dummyimage.com/931x362.jpg/cc0000/ffffff","###############################################################################################################################################################################################################################################################"),
    ("ifirebracet@alexa.com","Quigley Group","http://dummyimage.com/882x384.jpg/ff4444/ffffff","Sed ante. Vivamus tortor."),
    ("ksanhamu@fema.gov","Murazik Group","http://dummyimage.com/823x430.jpg/ff4444/ffffff","###############################################################################################################################################################################################################################################################"),
    ("cspellissyv@de.vu","Russel, Schmeler and Thiel","http://dummyimage.com/1029x329.jpg/cc0000/ffffff","Aenean fermentum. Donec ut mauris eget massa tempor convallis. Nulla neque libero, convallis eget, eleifend luctus, ultricies eu, nibh."),
    ("spetyankinw@redcross.org","Senger and Sons","http://dummyimage.com/885x314.jpg/ff4444/ffffff","Quisque porta volutpat erat. Quisque erat eros, viverra eget, congue eget, semper rutrum, nulla. Nunc purus. Phasellus in felis. Donec semper sapien a libero. Nam dui."),
    ("bivshinx@paginegialle.it","Walter, Hilll and Murray","http://dummyimage.com/1155x346.jpg/ff4444/ffffff","Nam dui. Proin leo odio, porttitor id, consequat in, consequat ut, nulla. Sed accumsan felis. Ut at dolor quis odio consequat varius. Integer ac leo."),
    ("dgaytony@imageshack.us","Olson LLC","http://dummyimage.com/924x392.jpg/cc0000/ffffff","Lorem ipsum dolor sit amet, consectetuer adipiscing elit. Proin risus. Praesent lectus."),
    ("gwalesaz@vkontakte.ru","Padberg and Sons","http://dummyimage.com/1114x499.jpg/5fa2dd/ffffff","Ut at dolor quis odio consequat varius. Integer ac leo. Pellentesque ultrices mattis odio."),
    ("yclemanceau10@themeforest.net","Hirthe and Sons","http://dummyimage.com/975x302.jpg/cc0000/ffffff","Vivamus tortor. Duis mattis egestas metus. Aenean fermentum. Donec ut mauris eget massa tempor convallis. Nulla neque libero, convallis eget, eleifend luctus, ultricies eu, nibh. Quisque id justo sit amet sapien dignissim vestibulum."),
    ("bfrancescuccio11@hatena.ne.jp","Ledner Inc","http://dummyimage.com/1100x298.jpg/cc0000/ffffff","Nunc purus. Phasellus in felis."),
    ("cbutterfill12@w3.org","Mohr, Mann and Weissnat","http://dummyimage.com/1174x271.jpg/cc0000/ffffff","###############################################################################################################################################################################################################################################################");

INSERT INTO BUYER
	(email, karma_points)
VALUES
('rclow0@cdbaby.com',69),
('bduplan1@sciencedaily.com',103),
('dyarham2@latimes.com',69),
('wviggars3@fema.gov',94),
('hhobble4@hao123.com',70),
('isenussi5@creativecommons.org',63),
('ebrasier6@cnet.com',94),
('akitcher7@list-manage.com',64),
('hscad8@angelfire.com',73),
('bplacide9@delicious.com',10),
('balimana@patch.com',18),
('mummfreyb@mac.com',15),
('fmatelaitisc@bbb.org',71),
('bpeachmand@unc.edu',134),
('clethbridgee@yolasite.com',34),
('llemerief@boston.com',131),
('gmillionsg@nps.gov',143),
('broxburghh@youtu.be',42),
('oreveleyi@123-reg.co.uk',68),
('ceirwinj@examiner.com',20),
('eguntripk@jimdo.com',22),
('bchooterl@bravesites.com',112),
('gmclugishm@answers.com',127),
('mlettyn@comcast.net',108),
('ybroscho@angelfire.com',126),
('fvonderemptenp@admin.ch',75),
('ltrythallq@msu.edu',148),
('ecosgrover@about.com',129),
('pbaddeleys@example.com',36),
('pjobbinst@sphinn.com',110),
('jwickersleyu@stumbleupon.com',10),
('yduferiev@dion.ne.jp',94),
('kmcmainsw@purevolume.com',101),
('dgirschx@github.io',93),
('dbeethamy@xing.com',27),
('rgonzalezz@livejournal.com',146),
('peggar10@apache.org',26),
('bsitford11@uiuc.edu',123),
('livanyushkin12@canalblog.com',112);

INSERT INTO INVENTORY
    (product_id,quantity,file_type,file_size,description,buying_price,title,store_name,download_URL,is_for_sale)
VALUES
    ('983', '474', 'pptx', '832', 'Pellentesque at nulla. Suspendisse potenti. Cras in purus eu magna vulputate luctus. Cum sociis natoque penatibus et magnis dis parturient montes, nascetur ridiculus mus. Vivamus vestibulum sagittis sapien. Cum sociis natoque penatibus et magnis dis parturient montes, nascetur ridiculus mus.', '127.1', 'wat', 'Goyette Group', 'https://ocn.ne.jp/etiam/pretium/iaculis/justo/in/hac.xml?nullam=cursus&orci=urna&pede=ut&venenatis=tellus&non=nulla&sodales=ut&sed=erat&tincidunt=id&eu=mauris&felis=vulputate&fusce=elementum&posuere=nullam&felis=varius&sed=nulla&lacus=facilisi&morbi=cras&sem=non&mauris=velit&laoreet=nec&ut=nisi&rhoncus=vulputate&aliquet=nonummy&pulvinar=maecenas&sed=tincidunt&nisl=lacus&nunc=at&rhoncus=velit&dui=vivamus&vel=vel&sem=nulla&sed=eget&sagittis=eros&nam=elementum&congue=pellentesque&risus=quisque&semper=porta&porta=volutpat&volutpat=erat&quam=quisque&pede=erat&lobortis=eros&ligula=viverra&sit=eget&amet=congue&eleifend=eget&pede=semper&libero=rutrum&quis=nulla&orci=nunc&nullam=purus&molestie=phasellus&nibh=in&in=felis&lectus=donec&pellentesque=semper&at=sapien&nulla=a&suspendisse=libero&potenti=nam&cras=dui&in=proin&purus=leo&eu=odio&magna=porttitor&vulputate=id&luctus=consequat&cum=in&sociis=consequat&natoque=ut&penatibus=nulla&et=sed&magnis=accumsan&dis=felis&parturient=ut&montes=at&nascetur=dolor&ridiculus=quis&mus=odio&vivamus=consequat&vestibulum=varius&sagittis=integer&sapien=ac&cum=leo&sociis=pellentesque&natoque=ultrices&penatibus=mattis&et=odio', 'FALSE'),
    ('19', '386', 'exe', '30', 'Vivamus tortor. Duis mattis egestas metus. Aenean fermentum. Donec ut mauris eget massa tempor convallis. Nulla neque libero, convallis eget, eleifend luctus, ultricies eu, nibh. Quisque id justo sit amet sapien dignissim vestibulum.', '85.26', 'nulla dapibus', 'Vandervort, Beier and Mraz', 'https://washingtonpost.com/quis/orci/eget/orci/vehicula/condimentum.xml?sed=morbi&justo=vestibulum&pellentesque=velit&viverra=id&pede=pretium&ac=iaculis&diam=diam&cras=erat&pellentesque=fermentum&volutpat=justo&dui=nec&maecenas=condimentum&tristique=neque&est=sapien&et=placerat&tempus=ante&semper=nulla&est=justo&quam=aliquam&pharetra=quis&magna=turpis&ac=eget&consequat=elit&metus=sodales&sapien=scelerisque&ut=mauris&nunc=sit&vestibulum=amet&ante=eros&ipsum=suspendisse&primis=accumsan&in=tortor&faucibus=quis&orci=turpis&luctus=sed&et=ante&ultrices=vivamus&posuere=tortor&cubilia=duis&curae=mattis&mauris=egestas&viverra=metus&diam=aenean&vitae=fermentum&quam=donec&suspendisse=ut&potenti=mauris&nullam=eget&porttitor=massa&lacus=tempor&at=convallis&turpis=nulla&donec=neque&posuere=libero&metus=convallis&vitae=eget&ipsum=eleifend&aliquam=luctus&non=ultricies&mauris=eu&morbi=nibh&non=quisque&lectus=id&aliquam=justo&sit=sit&amet=amet', 'TRUE'),
    ('127', '758', 'css', '286', 'Pellentesque viverra pede ac diam. Cras pellentesque volutpat dui. Maecenas tristique, est et tempus semper, est quam pharetra magna, ac consequat metus sapien ut nunc. Vestibulum ante ipsum primis in faucibus orci luctus et ultrices posuere cubilia Curae; Mauris viverra diam vitae quam. Suspendisse potenti. Nullam porttitor lacus at turpis.', '67.5', 'cras non', 'Bogisich and Sons', 'http://amazon.de/in/blandit.json?rhoncus=libero&aliquam=quis&lacus=orci&morbi=nullam&quis=molestie&tortor=nibh&id=in&nulla=lectus&ultrices=pellentesque&aliquet=at&maecenas=nulla&leo=suspendisse&odio=potenti&condimentum=cras', 'TRUE'),
    ('201', '434', 'db', '76', 'Cras non velit nec nisi vulputate nonummy. Maecenas tincidunt lacus at velit. Vivamus vel nulla eget eros elementum pellentesque.', '77.91', 'rutrum nulla nunc purus', 'Keebler-Schultz', 'https://loc.gov/aliquet/maecenas.html?mauris=quis&laoreet=turpis&ut=eget&rhoncus=elit&aliquet=sodales&pulvinar=scelerisque&sed=mauris&nisl=sit&nunc=amet&rhoncus=eros&dui=suspendisse&vel=accumsan&sem=tortor&sed=quis&sagittis=turpis&nam=sed&congue=ante&risus=vivamus&semper=tortor&porta=duis&volutpat=mattis&quam=egestas&pede=metus&lobortis=aenean&ligula=fermentum&sit=donec&amet=ut&eleifend=mauris&pede=eget&libero=massa&quis=tempor&orci=convallis&nullam=nulla&molestie=neque&nibh=libero&in=convallis&lectus=eget&pellentesque=eleifend&at=luctus&nulla=ultricies&suspendisse=eu&potenti=nibh&cras=quisque&in=id&purus=justo&eu=sit&magna=amet&vulputate=sapien&luctus=dignissim&cum=vestibulum&sociis=vestibulum&natoque=ante&penatibus=ipsum&et=primis&magnis=in&dis=faucibus&parturient=orci&montes=luctus&nascetur=et&ridiculus=ultrices&mus=posuere&vivamus=cubilia', 'FALSE'),
    ('394', '321', 'scss', '547', 'Proin risus. Praesent lectus. Vestibulum quam sapien, varius ut, blandit non, interdum in, ante.', '71.12', 'et commodo', 'Pfeffer-Kris', 'https://usa.gov/pellentesque/volutpat/dui/maecenas/tristique/est/et.html?consequat=ut&lectus=erat&in=curabitur&est=gravida&risus=nisi&auctor=at&sed=nibh&tristique=in&in=hac&tempus=habitasse&sit=platea&amet=dictumst&sem=aliquam&fusce=augue&consequat=quam&nulla=sollicitudin&nisl=vitae&nunc=consectetuer&nisl=eget&duis=rutrum&bibendum=at&felis=lorem&sed=integer&interdum=tincidunt&venenatis=ante&turpis=vel&enim=ipsum&blandit=praesent&mi=blandit&in=lacinia&porttitor=erat&pede=vestibulum&justo=sed&eu=magna&massa=at&donec=nunc&dapibus=commodo&duis=placerat&at=praesent&velit=blandit&eu=nam&est=nulla&congue=integer&elementum=pede&in=justo&hac=lacinia&habitasse=eget&platea=tincidunt&dictumst=eget&morbi=tempus&vestibulum=vel&velit=pede', 'TRUE'),
    ('936', '147', 'doc', '644', 'Vivamus tortor. Duis mattis egestas metus.', '37.31', 'ipsum primis in', 'Breitenberg-VonRueden', 'http://ehow.com/etiam.xml?molestie=commodo&nibh=vulputate&in=justo&lectus=in&pellentesque=blandit&at=ultrices&nulla=enim&suspendisse=lorem&potenti=ipsum&cras=dolor&in=sit&purus=amet&eu=consectetuer&magna=adipiscing&vulputate=elit&luctus=proin&cum=interdum&sociis=mauris&natoque=non&penatibus=ligula&et=pellentesque&magnis=ultrices&dis=phasellus&parturient=id&montes=sapien&nascetur=in&ridiculus=sapien&mus=iaculis&vivamus=congue&vestibulum=vivamus&sagittis=metus&sapien=arcu&cum=adipiscing&sociis=molestie&natoque=hendrerit&penatibus=at&et=vulputate&magnis=vitae&dis=nisl&parturient=aenean&montes=lectus&nascetur=pellentesque&ridiculus=eget&mus=nunc&etiam=donec&vel=quis&augue=orci&vestibulum=eget&rutrum=orci&rutrum=vehicula&neque=condimentum&aenean=curabitur&auctor=in&gravida=libero&sem=ut&praesent=massa&id=volutpat&massa=convallis&id=morbi&nisl=odio&venenatis=odio&lacinia=elementum&aenean=eu&sit=interdum&amet=eu&justo=tincidunt&morbi=in&ut=leo&odio=maecenas&cras=pulvinar&mi=lobortis&pede=est&malesuada=phasellus&in=sit&imperdiet=amet&et=erat&commodo=nulla&vulputate=tempus', 'TRUE'),
    ('897', '478', 'cad', '214', 'Donec odio justo, sollicitudin ut, suscipit a, feugiat et, eros. Vestibulum ac est lacinia nisi venenatis tristique. Fusce congue, diam id ornare imperdiet, sapien urna pretium nisl, ut volutpat sapien arcu sed augue. Aliquam erat volutpat.', '127.31', 'lectus', 'Ortiz-Parisian', 'http://wikispaces.com/sed/sagittis/nam/congue/risus/semper.aspx?rutrum=etiam&rutrum=pretium&neque=iaculis&aenean=justo&auctor=in&gravida=hac&sem=habitasse&praesent=platea&id=dictumst&massa=etiam&id=faucibus&nisl=cursus&venenatis=urna&lacinia=ut&aenean=tellus&sit=nulla&amet=ut&justo=erat&morbi=id&ut=mauris&odio=vulputate&cras=elementum&mi=nullam&pede=varius&malesuada=nulla&in=facilisi&imperdiet=cras&et=non&commodo=velit&vulputate=nec&justo=nisi&in=vulputate&blandit=nonummy&ultrices=maecenas', 'FALSE'),
    ('229', '798', 'ts', '205', 'Morbi vel lectus in quam fringilla rhoncus. Mauris enim leo, rhoncus sed, vestibulum sit amet, cursus id, turpis. Integer aliquet, massa id lobortis convallis, tortor risus dapibus augue, vel accumsan tellus nisi eu orci. Mauris lacinia sapien quis libero. Nullam sit amet turpis elementum ligula vehicula consequat.', '147.82', 'amet sapien dignissim', 'Wehner, Schulist and Morissette', 'https://dailymail.co.uk/vestibulum/ante/ipsum/primis.aspx?pharetra=curabitur&magna=in&vestibulum=libero&aliquet=ut&ultrices=massa&erat=volutpat&tortor=convallis&sollicitudin=morbi&mi=odio&sit=odio&amet=elementum&lobortis=eu&sapien=interdum&sapien=eu&non=tincidunt&mi=in&integer=leo&ac=maecenas&neque=pulvinar&duis=lobortis&bibendum=est&morbi=phasellus&non=sit&quam=amet&nec=erat&dui=nulla&luctus=tempus&rutrum=vivamus&nulla=in&tellus=felis&in=eu&sagittis=sapien&dui=cursus&vel=vestibulum&nisl=proin&duis=eu&ac=mi&nibh=nulla&fusce=ac&lacus=enim&purus=in&aliquet=tempor&at=turpis&feugiat=nec&non=euismod&pretium=scelerisque&quis=quam&lectus=turpis&suspendisse=adipiscing', 'TRUE'),
    ('851', '387', 'ddl', '552', 'Curabitur convallis. Duis consequat dui nec nisi volutpat eleifend. Donec ut dolor. Morbi vel lectus in quam fringilla rhoncus. Mauris enim leo, rhoncus sed, vestibulum sit amet, cursus id, turpis. Integer aliquet, massa id lobortis convallis, tortor risus dapibus augue, vel accumsan tellus nisi eu orci. Mauris lacinia sapien quis libero. Nullam sit amet turpis elementum ligula vehicula consequat. Morbi a ipsum.', '14.52', 'blandit lacinia erat', 'Sipes-Waelchi', 'https://buzzfeed.com/orci/luctus.html?ultrices=non&phasellus=velit&id=nec&sapien=nisi&in=vulputate&sapien=nonummy&iaculis=maecenas&congue=tincidunt&vivamus=lacus&metus=at&arcu=velit&adipiscing=vivamus&molestie=vel&hendrerit=nulla&at=eget&vulputate=eros&vitae=elementum&nisl=pellentesque&aenean=quisque&lectus=porta&pellentesque=volutpat&eget=erat&nunc=quisque&donec=erat&quis=eros&orci=viverra&eget=eget&orci=congue&vehicula=eget&condimentum=semper&curabitur=rutrum&in=nulla&libero=nunc&ut=purus&massa=phasellus&volutpat=in&convallis=felis&morbi=donec', 'TRUE'),
    ('740', '550', 'psd', '219', 'Nulla neque libero, convallis eget, eleifend luctus, ultricies eu, nibh. Quisque id justo sit amet sapien dignissim vestibulum. Vestibulum ante ipsum primis in faucibus orci luctus et ultrices posuere cubilia Curae; Nulla dapibus dolor vel est. Donec odio justo, sollicitudin ut, suscipit a, feugiat et, eros.', '30.79', 'hac habitasse', 'Ryan LLC', 'http://mysql.com/congue.js?posuere=metus&metus=sapien&vitae=ut&ipsum=nunc&aliquam=vestibulum&non=ante&mauris=ipsum&morbi=primis&non=in&lectus=faucibus&aliquam=orci&sit=luctus&amet=et&diam=ultrices&in=posuere&magna=cubilia&bibendum=curae&imperdiet=mauris&nullam=viverra&orci=diam&pede=vitae&venenatis=quam&non=suspendisse&sodales=potenti&sed=nullam&tincidunt=porttitor&eu=lacus&felis=at&fusce=turpis&posuere=donec&felis=posuere&sed=metus&lacus=vitae&morbi=ipsum&sem=aliquam&mauris=non&laoreet=mauris&ut=morbi&rhoncus=non&aliquet=lectus&pulvinar=aliquam&sed=sit&nisl=amet&nunc=diam&rhoncus=in&dui=magna&vel=bibendum&sem=imperdiet&sed=nullam&sagittis=orci&nam=pede&congue=venenatis&risus=non&semper=sodales&porta=sed&volutpat=tincidunt&quam=eu&pede=felis&lobortis=fusce&ligula=posuere&sit=felis&amet=sed&eleifend=lacus&pede=morbi&libero=sem&quis=mauris&orci=laoreet&nullam=ut&molestie=rhoncus&nibh=aliquet&in=pulvinar&lectus=sed&pellentesque=nisl&at=nunc&nulla=rhoncus&suspendisse=dui&potenti=vel&cras=sem&in=sed&purus=sagittis&eu=nam&magna=congue&vulputate=risus&luctus=semper&cum=porta&sociis=volutpat&natoque=quam&penatibus=pede&et=lobortis&magnis=ligula&dis=sit&parturient=amet&montes=eleifend&nascetur=pede', 'TRUE'),
    ('930', '465', 'c', '954', 'Morbi porttitor lorem id ligula. Suspendisse ornare consequat lectus. In est risus, auctor sed, tristique in, tempus sit amet, sem. Fusce consequat.', '85.22', 'est', 'Jakubowski, Veum and Welch', 'http://123-reg.co.uk/eget/tempus/vel/pede/morbi.png?nulla=sit&justo=amet&aliquam=consectetuer&quis=adipiscing&turpis=elit&eget=proin&elit=interdum&sodales=mauris&scelerisque=non&mauris=ligula&sit=pellentesque&amet=ultrices&eros=phasellus', 'TRUE'),
    ('495', '751', 'tsx', '504', 'Mauris lacinia sapien quis libero. Nullam sit amet turpis elementum ligula vehicula consequat. Morbi a ipsum. Integer a nibh. In quis justo. Maecenas rhoncus aliquam lacus. Morbi quis tortor id nulla ultrices aliquet. Maecenas leo odio, condimentum id, luctus nec, molestie sed, justo. Pellentesque viverra pede ac diam.', '81.82', 'id mauris', 'Hirthe-Simonis', 'http://chron.com/dolor/sit/amet/consectetuer.jpg?nulla=mauris&sed=viverra&accumsan=diam&felis=vitae&ut=quam&at=suspendisse&dolor=potenti&quis=nullam&odio=porttitor&consequat=lacus&varius=at&integer=turpis&ac=donec&leo=posuere&pellentesque=metus&ultrices=vitae&mattis=ipsum&odio=aliquam&donec=non&vitae=mauris&nisi=morbi&nam=non&ultrices=lectus&libero=aliquam&non=sit&mattis=amet&pulvinar=diam&nulla=in&pede=magna&ullamcorper=bibendum&augue=imperdiet&a=nullam&suscipit=orci&nulla=pede&elit=venenatis&ac=non&nulla=sodales&sed=sed&vel=tincidunt&enim=eu&sit=felis', 'FALSE'),
    ('242', '286', 'mp4', '452', 'Vivamus tortor. Duis mattis egestas metus. Aenean fermentum. Donec ut mauris eget massa tempor convallis. Nulla neque libero, convallis eget, eleifend luctus, ultricies eu, nibh. Quisque id justo sit amet sapien dignissim vestibulum. Vestibulum ante ipsum primis in faucibus orci luctus et ultrices posuere cubilia Curae; Nulla dapibus dolor vel est.', '85.3', 'at velit eu est', 'Sipes-Wilderman', 'http://1und1.de/magna/ac.html?dui=maecenas&nec=rhoncus&nisi=aliquam&volutpat=lacus&eleifend=morbi&donec=quis&ut=tortor&dolor=id&morbi=nulla&vel=ultrices&lectus=aliquet&in=maecenas&quam=leo&fringilla=odio&rhoncus=condimentum&mauris=id&enim=luctus&leo=nec&rhoncus=molestie&sed=sed&vestibulum=justo&sit=pellentesque&amet=viverra&cursus=pede&id=ac&turpis=diam&integer=cras&aliquet=pellentesque&massa=volutpat&id=dui&lobortis=maecenas&convallis=tristique&tortor=est&risus=et&dapibus=tempus&augue=semper&vel=est&accumsan=quam&tellus=pharetra&nisi=magna&eu=ac&orci=consequat&mauris=metus&lacinia=sapien&sapien=ut', 'FALSE'),
    ('249', '499', 'c', '778', 'Mauris lacinia sapien quis libero. Nullam sit amet turpis elementum ligula vehicula consequat. Morbi a ipsum. Integer a nibh. In quis justo. Maecenas rhoncus aliquam lacus.', '194.17', 'elit sodales', 'Leuschke-Weissnat', 'https://biglobe.ne.jp/eros/elementum/pellentesque/quisque/porta.aspx?justo=vel&maecenas=accumsan&rhoncus=tellus&aliquam=nisi&lacus=eu&morbi=orci&quis=mauris&tortor=lacinia&id=sapien&nulla=quis&ultrices=libero&aliquet=nullam&maecenas=sit&leo=amet&odio=turpis&condimentum=elementum&id=ligula&luctus=vehicula', 'FALSE'),
    ('703', '124', 'doc', '652', 'Morbi sem mauris, laoreet ut, rhoncus aliquet, pulvinar sed, nisl. Nunc rhoncus dui vel sem. Sed sagittis. Nam congue, risus semper porta volutpat, quam pede lobortis ligula, sit amet eleifend pede libero quis orci. Nullam molestie nibh in lectus. Pellentesque at nulla. Suspendisse potenti. Cras in purus eu magna vulputate luctus.', '107.5', 'molestie', 'Gleichner-Koelpin', 'http://seesaa.net/in/eleifend/quam.jpg?maecenas=sit&tincidunt=amet&lacus=nunc&at=viverra&velit=dapibus&vivamus=nulla&vel=suscipit&nulla=ligula&eget=in&eros=lacus&elementum=curabitur&pellentesque=at&quisque=ipsum&porta=ac&volutpat=tellus&erat=semper&quisque=interdum&erat=mauris', 'FALSE'),
    ('628', '402', 'xlsx', '186', 'Suspendisse potenti. Cras in purus eu magna vulputate luctus. Cum sociis natoque penatibus et magnis dis parturient montes, nascetur ridiculus mus. Vivamus vestibulum sagittis sapien. Cum sociis natoque penatibus et magnis dis parturient montes, nascetur ridiculus mus. Etiam vel augue. Vestibulum rutrum rutrum neque. Aenean auctor gravida sem. Praesent id massa id nisl venenatis lacinia.', '18.52', 'et commodo', 'Nicolas, Gleichner and Wiegand', 'http://boston.com/faucibus/orci/luctus.html?metus=et&arcu=eros&adipiscing=vestibulum&molestie=ac&hendrerit=est&at=lacinia&vulputate=nisi&vitae=venenatis', 'TRUE'),
    ('926', '446', 'ipynb', '193', 'Curabitur convallis. Duis consequat dui nec nisi volutpat eleifend. Donec ut dolor. Morbi vel lectus in quam fringilla rhoncus. Mauris enim leo, rhoncus sed, vestibulum sit amet, cursus id, turpis. Integer aliquet, massa id lobortis convallis, tortor risus dapibus augue, vel accumsan tellus nisi eu orci. Mauris lacinia sapien quis libero.', '120.75', 'elit sodales scelerisque', 'Ferry, Gerhold and Thiel', 'http://house.gov/aenean/lectus/pellentesque/eget/nunc/donec.json?elementum=justo&nullam=maecenas&varius=rhoncus&nulla=aliquam&facilisi=lacus&cras=morbi&non=quis&velit=tortor&nec=id&nisi=nulla&vulputate=ultrices&nonummy=aliquet&maecenas=maecenas&tincidunt=leo&lacus=odio&at=condimentum&velit=id&vivamus=luctus&vel=nec&nulla=molestie&eget=sed&eros=justo&elementum=pellentesque&pellentesque=viverra&quisque=pede&porta=ac&volutpat=diam&erat=cras&quisque=pellentesque&erat=volutpat&eros=dui&viverra=maecenas&eget=tristique&congue=est&eget=et&semper=tempus&rutrum=semper&nulla=est&nunc=quam&purus=pharetra&phasellus=magna&in=ac&felis=consequat&donec=metus&semper=sapien&sapien=ut&a=nunc&libero=vestibulum&nam=ante&dui=ipsum&proin=primis&leo=in&odio=faucibus&porttitor=orci&id=luctus&consequat=et&in=ultrices&consequat=posuere&ut=cubilia&nulla=curae&sed=mauris&accumsan=viverra&felis=diam&ut=vitae&at=quam&dolor=suspendisse&quis=potenti&odio=nullam&consequat=porttitor&varius=lacus&integer=at&ac=turpis&leo=donec&pellentesque=posuere&ultrices=metus&mattis=vitae&odio=ipsum&donec=aliquam&vitae=non&nisi=mauris&nam=morbi&ultrices=non&libero=lectus&non=aliquam&mattis=sit&pulvinar=amet&nulla=diam&pede=in&ullamcorper=magna&augue=bibendum', 'TRUE'),
    ('490', '930', 'asm', '547', 'Curabitur gravida nisi at nibh. In hac habitasse platea dictumst. Aliquam augue quam, sollicitudin vitae, consectetuer eget, rutrum at, lorem. Integer tincidunt ante vel ipsum. Praesent blandit lacinia erat. Vestibulum sed magna at nunc commodo placerat. Praesent blandit. Nam nulla. Integer pede justo, lacinia eget, tincidunt eget, tempus vel, pede.', '117.64', 'posuere cubilia curae', "O'Conner-Stark", 'http://stumbleupon.com/congue/etiam/justo/etiam/pretium.js?maecenas=metus&rhoncus=aenean&aliquam=fermentum&lacus=donec&morbi=ut&quis=mauris&tortor=eget&id=massa&nulla=tempor&ultrices=convallis&aliquet=nulla&maecenas=neque&leo=libero&odio=convallis&condimentum=eget&id=eleifend&luctus=luctus&nec=ultricies&molestie=eu&sed=nibh&justo=quisque&pellentesque=id&viverra=justo&pede=sit&ac=amet&diam=sapien&cras=dignissim&pellentesque=vestibulum&volutpat=vestibulum&dui=ante&maecenas=ipsum&tristique=primis&est=in&et=faucibus&tempus=orci&semper=luctus&est=et&quam=ultrices&pharetra=posuere&magna=cubilia&ac=curae&consequat=nulla&metus=dapibus&sapien=dolor&ut=vel', 'FALSE'),
    ('402', '84', 'xsd', '855', 'Vestibulum ac est lacinia nisi venenatis tristique. Fusce congue, diam id ornare imperdiet, sapien urna pretium nisl, ut volutpat sapien arcu sed augue. Aliquam erat volutpat. In congue.', '10.11', 'potenti in eleifend quam', 'Fisher, Marquardt and Kulas', 'https://sun.com/mattis/odio/donec/vitae/nisi/nam/ultrices.jsp?ut=in&ultrices=sagittis&vel=dui', 'TRUE'),
    ('12', '884', 'c', '286', 'Mauris sit amet eros. Suspendisse accumsan tortor quis turpis. Sed ante. Vivamus tortor. Duis mattis egestas metus. Aenean fermentum. Donec ut mauris eget massa tempor convallis. Nulla neque libero, convallis eget, eleifend luctus, ultricies eu, nibh.', '61.61', 'non', 'Krajcik Inc', 'http://live.com/libero/ut/massa/volutpat/convallis/morbi.jsp?at=suspendisse&vulputate=potenti&vitae=in&nisl=eleifend&aenean=quam&lectus=a&pellentesque=odio&eget=in&nunc=hac&donec=habitasse&quis=platea&orci=dictumst&eget=maecenas&orci=ut&vehicula=massa&condimentum=quis&curabitur=augue&in=luctus&libero=tincidunt&ut=nulla&massa=mollis&volutpat=molestie&convallis=lorem&morbi=quisque&odio=ut&odio=erat&elementum=curabitur&eu=gravida&interdum=nisi&eu=at&tincidunt=nibh&in=in&leo=hac&maecenas=habitasse&pulvinar=platea&lobortis=dictumst&est=aliquam&phasellus=augue&sit=quam&amet=sollicitudin&erat=vitae&nulla=consectetuer&tempus=eget&vivamus=rutrum&in=at&felis=lorem&eu=integer&sapien=tincidunt&cursus=ante&vestibulum=vel&proin=ipsum&eu=praesent&mi=blandit&nulla=lacinia&ac=erat&enim=vestibulum&in=sed&tempor=magna&turpis=at&nec=nunc&euismod=commodo&scelerisque=placerat&quam=praesent&turpis=blandit&adipiscing=nam&lorem=nulla&vitae=integer&mattis=pede&nibh=justo&ligula=lacinia&nec=eget&sem=tincidunt&duis=eget&aliquam=tempus&convallis=vel', 'FALSE'),
    ('403', '205', 'h', '385', 'Morbi non lectus. Aliquam sit amet diam in magna bibendum imperdiet.', '125.03', 'dui proin', 'Kohler-Lehner', 'http://wikia.com/integer/pede/justo/lacinia/eget/tincidunt.js?mollis=orci&molestie=nullam&lorem=molestie&quisque=nibh&ut=in&erat=lectus&curabitur=pellentesque&gravida=at&nisi=nulla&at=suspendisse&nibh=potenti&in=cras&hac=in&habitasse=purus&platea=eu&dictumst=magna&aliquam=vulputate&augue=luctus&quam=cum&sollicitudin=sociis&vitae=natoque&consectetuer=penatibus&eget=et&rutrum=magnis&at=dis&lorem=parturient&integer=montes&tincidunt=nascetur&ante=ridiculus&vel=mus&ipsum=vivamus&praesent=vestibulum&blandit=sagittis&lacinia=sapien&erat=cum&vestibulum=sociis&sed=natoque&magna=penatibus&at=et&nunc=magnis&commodo=dis&placerat=parturient&praesent=montes&blandit=nascetur&nam=ridiculus&nulla=mus&integer=etiam&pede=vel&justo=augue&lacinia=vestibulum&eget=rutrum&tincidunt=rutrum&eget=neque&tempus=aenean&vel=auctor&pede=gravida&morbi=sem&porttitor=praesent&lorem=id&id=massa&ligula=id&suspendisse=nisl&ornare=venenatis&consequat=lacinia&lectus=aenean&in=sit&est=amet&risus=justo&auctor=morbi&sed=ut&tristique=odio&in=cras&tempus=mi&sit=pede&amet=malesuada&sem=in&fusce=imperdiet&consequat=et&nulla=commodo&nisl=vulputate&nunc=justo&nisl=in&duis=blandit&bibendum=ultrices&felis=enim&sed=lorem&interdum=ipsum&venenatis=dolor&turpis=sit&enim=amet&blandit=consectetuer&mi=adipiscing&in=elit&porttitor=proin&pede=interdum&justo=mauris&eu=non', 'TRUE'),
    ('188', '432', 'py', '155', 'Nullam porttitor lacus at turpis. Donec posuere metus vitae ipsum. Aliquam non mauris. Morbi non lectus. Aliquam sit amet diam in magna bibendum imperdiet. Nullam orci pede, venenatis non, sodales sed, tincidunt eu, felis. Fusce posuere felis sed lacus. Morbi sem mauris, laoreet ut, rhoncus aliquet, pulvinar sed, nisl. Nunc rhoncus dui vel sem. Sed sagittis.', '66.58', 'ante vivamus tortor', 'Leuschke-Hermann', 'https://digg.com/vel/nulla/eget/eros.jpg?lacus=ut&morbi=blandit', 'TRUE'),
    ('572', '54', 'js', '580', 'Morbi non quam nec dui luctus rutrum. Nulla tellus. In sagittis dui vel nisl. Duis ac nibh. Fusce lacus purus, aliquet at, feugiat non, pretium quis, lectus. Suspendisse potenti. In eleifend quam a odio. In hac habitasse platea dictumst. Maecenas ut massa quis augue luctus tincidunt. Nulla mollis molestie lorem.', '150.77', 'vestibulum rutrum rutrum', 'Littel Inc', 'https://bandcamp.com/tempor/convallis.js?quis=molestie&orci=lorem&eget=quisque&orci=ut&vehicula=erat&condimentum=curabitur&curabitur=gravida&in=nisi&libero=at&ut=nibh&massa=in&volutpat=hac&convallis=habitasse&morbi=platea&odio=dictumst&odio=aliquam&elementum=augue&eu=quam&interdum=sollicitudin&eu=vitae&tincidunt=consectetuer&in=eget&leo=rutrum&maecenas=at&pulvinar=lorem&lobortis=integer&est=tincidunt&phasellus=ante&sit=vel&amet=ipsum&erat=praesent&nulla=blandit&tempus=lacinia&vivamus=erat&in=vestibulum&felis=sed&eu=magna&sapien=at&cursus=nunc&vestibulum=commodo&proin=placerat&eu=praesent&mi=blandit&nulla=nam&ac=nulla&enim=integer&in=pede&tempor=justo&turpis=lacinia&nec=eget&euismod=tincidunt&scelerisque=eget&quam=tempus&turpis=vel&adipiscing=pede&lorem=morbi&vitae=porttitor&mattis=lorem&nibh=id&ligula=ligula&nec=suspendisse&sem=ornare&duis=consequat&aliquam=lectus&convallis=in&nunc=est&proin=risus&at=auctor&turpis=sed&a=tristique&pede=in&posuere=tempus&nonummy=sit', 'FALSE'),
    ('941', '429', 'xsd', '871', 'Aliquam augue quam, sollicitudin vitae, consectetuer eget, rutrum at, lorem. Integer tincidunt ante vel ipsum. Praesent blandit lacinia erat. Vestibulum sed magna at nunc commodo placerat. Praesent blandit. Nam nulla. Integer pede justo, lacinia eget, tincidunt eget, tempus vel, pede.', '151.62', 'magna vestibulum aliquet', 'Abernathy-Carter', 'https://yellowbook.com/blandit/lacinia/erat/vestibulum/sed/magna/at.jsp?ac=diam&enim=vitae&in=quam&tempor=suspendisse&turpis=potenti&nec=nullam&euismod=porttitor&scelerisque=lacus&quam=at&turpis=turpis', 'TRUE'),
    ('667', '966', 'tex', '55', 'Sed vel enim sit amet nunc viverra dapibus. Nulla suscipit ligula in lacus. Curabitur at ipsum ac tellus semper interdum.', '133.01', 'sit amet erat', 'Kulas, Simonis and Smitham', 'http://reddit.com/luctus/cum/sociis/natoque/penatibus/et.png?in=sapien&sagittis=cursus&dui=vestibulum&vel=proin&nisl=eu&duis=mi&ac=nulla&nibh=ac&fusce=enim&lacus=in&purus=tempor&aliquet=turpis&at=nec&feugiat=euismod&non=scelerisque&pretium=quam&quis=turpis&lectus=adipiscing&suspendisse=lorem&potenti=vitae&in=mattis&eleifend=nibh&quam=ligula&a=nec&odio=sem&in=duis&hac=aliquam&habitasse=convallis&platea=nunc&dictumst=proin&maecenas=at&ut=turpis&massa=a&quis=pede', 'TRUE'),
    ('376', '345', 'ddl', '432', 'Cras in purus eu magna vulputate luctus. Cum sociis natoque penatibus et magnis dis parturient montes, nascetur ridiculus mus. Vivamus vestibulum sagittis sapien. Cum sociis natoque penatibus et magnis dis parturient montes, nascetur ridiculus mus. Etiam vel augue.', '163.29', 'mauris laoreet ut', "Walter-O'Keefe", 'http://marriott.com/rutrum/at/lorem/integer/tincidunt/ante/vel.jsp?duis=leo&aliquam=odio&convallis=porttitor&nunc=id&proin=consequat&at=in&turpis=consequat&a=ut&pede=nulla&posuere=sed&nonummy=accumsan&integer=felis&non=ut&velit=at&donec=dolor&diam=quis&neque=odio&vestibulum=consequat&eget=varius&vulputate=integer&ut=ac&ultrices=leo&vel=pellentesque&augue=ultrices&vestibulum=mattis&ante=odio', 'TRUE'),
    ('952', '570', 'msi', '404', 'Nulla facilisi. Cras non velit nec nisi vulputate nonummy.', '119.45', 'tristique est et', 'Beer Inc', 'http://upenn.edu/nunc/donec/quis.jpg?primis=mauris&in=viverra&faucibus=diam&orci=vitae&luctus=quam&et=suspendisse&ultrices=potenti&posuere=nullam&cubilia=porttitor&curae=lacus&mauris=at&viverra=turpis&diam=donec&vitae=posuere&quam=metus&suspendisse=vitae&potenti=ipsum&nullam=aliquam&porttitor=non&lacus=mauris&at=morbi&turpis=non&donec=lectus&posuere=aliquam&metus=sit&vitae=amet&ipsum=diam&aliquam=in&non=magna&mauris=bibendum&morbi=imperdiet&non=nullam&lectus=orci&aliquam=pede&sit=venenatis&amet=non&diam=sodales&in=sed&magna=tincidunt&bibendum=eu&imperdiet=felis&nullam=fusce&orci=posuere&pede=felis&venenatis=sed&non=lacus&sodales=morbi&sed=sem&tincidunt=mauris&eu=laoreet&felis=ut&fusce=rhoncus&posuere=aliquet&felis=pulvinar&sed=sed&lacus=nisl&morbi=nunc&sem=rhoncus&mauris=dui&laoreet=vel&ut=sem&rhoncus=sed', 'TRUE'),
    ('209', '236', 'json', '158', 'Nam nulla. Integer pede justo, lacinia eget, tincidunt eget, tempus vel, pede. Morbi porttitor lorem id ligula. Suspendisse ornare consequat lectus. In est risus, auctor sed, tristique in, tempus sit amet, sem. Fusce consequat. Nulla nisl. Nunc nisl. Duis bibendum, felis sed interdum venenatis, turpis enim blandit mi, in porttitor pede justo eu massa.', '4.28', 'pede justo eu', 'Swaniawski and Sons', 'https://ted.com/curabitur.js?sed=congue&nisl=diam&nunc=id&rhoncus=ornare&dui=imperdiet&vel=sapien&sem=urna&sed=pretium&sagittis=nisl&nam=ut&congue=volutpat&risus=sapien&semper=arcu&porta=sed&volutpat=augue&quam=aliquam&pede=erat&lobortis=volutpat&ligula=in&sit=congue&amet=etiam&eleifend=justo&pede=etiam&libero=pretium&quis=iaculis&orci=justo&nullam=in&molestie=hac&nibh=habitasse&in=platea&lectus=dictumst&pellentesque=etiam&at=faucibus&nulla=cursus&suspendisse=urna&potenti=ut&cras=tellus&in=nulla&purus=ut&eu=erat&magna=id&vulputate=mauris&luctus=vulputate&cum=elementum&sociis=nullam&natoque=varius&penatibus=nulla&et=facilisi&magnis=cras&dis=non&parturient=velit&montes=nec&nascetur=nisi&ridiculus=vulputate&mus=nonummy&vivamus=maecenas&vestibulum=tincidunt&sagittis=lacus&sapien=at&cum=velit&sociis=vivamus&natoque=vel&penatibus=nulla&et=eget&magnis=eros&dis=elementum&parturient=pellentesque&montes=quisque&nascetur=porta&ridiculus=volutpat&mus=erat&etiam=quisque&vel=erat&augue=eros&vestibulum=viverra&rutrum=eget&rutrum=congue&neque=eget&aenean=semper&auctor=rutrum&gravida=nulla&sem=nunc&praesent=purus&id=phasellus&massa=in&id=felis&nisl=donec&venenatis=semper&lacinia=sapien&aenean=a&sit=libero&amet=nam&justo=dui', 'TRUE'),
    ('122', '681', 'cc', '102', 'Vivamus vel nulla eget eros elementum pellentesque. Quisque porta volutpat erat.', '117.91', 'vestibulum ante ipsum primis', 'Dicki-Simonis', 'http://github.com/lobortis/est/phasellus/sit.png?morbi=sociis&a=natoque&ipsum=penatibus&integer=et&a=magnis&nibh=dis&in=parturient&quis=montes&justo=nascetur&maecenas=ridiculus&rhoncus=mus&aliquam=vivamus&lacus=vestibulum&morbi=sagittis&quis=sapien&tortor=cum&id=sociis&nulla=natoque&ultrices=penatibus&aliquet=et&maecenas=magnis&leo=dis&odio=parturient&condimentum=montes&id=nascetur&luctus=ridiculus&nec=mus&molestie=etiam&sed=vel&justo=augue&pellentesque=vestibulum&viverra=rutrum&pede=rutrum&ac=neque&diam=aenean&cras=auctor&pellentesque=gravida&volutpat=sem&dui=praesent&maecenas=id&tristique=massa&est=id&et=nisl&tempus=venenatis&semper=lacinia&est=aenean&quam=sit&pharetra=amet&magna=justo&ac=morbi&consequat=ut&metus=odio&sapien=cras&ut=mi&nunc=pede&vestibulum=malesuada&ante=in&ipsum=imperdiet&primis=et&in=commodo&faucibus=vulputate&orci=justo&luctus=in&et=blandit&ultrices=ultrices&posuere=enim&cubilia=lorem&curae=ipsum&mauris=dolor&viverra=sit&diam=amet&vitae=consectetuer&quam=adipiscing&suspendisse=elit&potenti=proin&nullam=interdum&porttitor=mauris&lacus=non&at=ligula&turpis=pellentesque&donec=ultrices&posuere=phasellus&metus=id&vitae=sapien&ipsum=in&aliquam=sapien&non=iaculis&mauris=congue&morbi=vivamus&non=metus&lectus=arcu&aliquam=adipiscing&sit=molestie&amet=hendrerit&diam=at&in=vulputate', 'TRUE'),
    ('657', '633', 'exe', '287', 'In blandit ultrices enim. Lorem ipsum dolor sit amet, consectetuer adipiscing elit. Proin interdum mauris non ligula pellentesque ultrices.', '39.08', 'massa quis', 'Quigley Group', 'http://dmoz.org/elit/ac.json?pellentesque=quisque&viverra=porta&pede=volutpat&ac=erat&diam=quisque&cras=erat&pellentesque=eros&volutpat=viverra&dui=eget&maecenas=congue&tristique=eget&est=semper&et=rutrum&tempus=nulla&semper=nunc&est=purus&quam=phasellus&pharetra=in&magna=felis&ac=donec&consequat=semper&metus=sapien&sapien=a&ut=libero&nunc=nam&vestibulum=dui&ante=proin&ipsum=leo&primis=odio&in=porttitor&faucibus=id&orci=consequat&luctus=in&et=consequat&ultrices=ut&posuere=nulla&cubilia=sed&curae=accumsan&mauris=felis&viverra=ut&diam=at&vitae=dolor&quam=quis&suspendisse=odio&potenti=consequat&nullam=varius&porttitor=integer&lacus=ac&at=leo&turpis=pellentesque&donec=ultrices&posuere=mattis&metus=odio&vitae=donec&ipsum=vitae&aliquam=nisi&non=nam&mauris=ultrices&morbi=libero&non=non&lectus=mattis&aliquam=pulvinar&sit=nulla&amet=pede&diam=ullamcorper&in=augue&magna=a&bibendum=suscipit&imperdiet=nulla&nullam=elit', 'TRUE'),
    ('942', '133', 'docx', '630', 'Vestibulum ante ipsum primis in faucibus orci luctus et ultrices posuere cubilia Curae; Mauris viverra diam vitae quam. Suspendisse potenti.', '129.58', 'vestibulum', 'Murazik Group', 'http://shutterfly.com/congue/etiam/justo/etiam/pretium/iaculis/justo.png?morbi=sollicitudin&ut=vitae&odio=consectetuer&cras=eget&mi=rutrum&pede=at&malesuada=lorem&in=integer&imperdiet=tincidunt&et=ante&commodo=vel&vulputate=ipsum&justo=praesent&in=blandit&blandit=lacinia&ultrices=erat', 'TRUE'),
    ('759', '548', 'rb', '691', 'Integer non velit. Donec diam neque, vestibulum eget, vulputate ut, ultrices vel, augue.', '155.69', 'id justo sit amet', 'Russel, Schmeler and Thiel', 'http://mediafire.com/molestie.xml?pede=porttitor&ullamcorper=id&augue=consequat&a=in&suscipit=consequat&nulla=ut&elit=nulla&ac=sed&nulla=accumsan&sed=felis&vel=ut&enim=at&sit=dolor&amet=quis&nunc=odio&viverra=consequat&dapibus=varius', 'FALSE'),
    ('172', '468', 'ddl', '895', 'Ut tellus. Nulla ut erat id mauris vulputate elementum. Nullam varius.', '63.24', 'urna ut tellus nulla', 'Senger and Sons', 'https://google.fr/ante/vivamus/tortor/duis/mattis/egestas/metus.json?ut=suspendisse&odio=potenti&cras=nullam&mi=porttitor&pede=lacus&malesuada=at&in=turpis&imperdiet=donec&et=posuere&commodo=metus&vulputate=vitae&justo=ipsum&in=aliquam&blandit=non&ultrices=mauris&enim=morbi&lorem=non&ipsum=lectus&dolor=aliquam&sit=sit&amet=amet&consectetuer=diam&adipiscing=in&elit=magna&proin=bibendum&interdum=imperdiet&mauris=nullam&non=orci&ligula=pede&pellentesque=venenatis&ultrices=non&phasellus=sodales&id=sed&sapien=tincidunt&in=eu&sapien=felis&iaculis=fusce&congue=posuere&vivamus=felis&metus=sed&arcu=lacus&adipiscing=morbi&molestie=sem&hendrerit=mauris&at=laoreet&vulputate=ut&vitae=rhoncus&nisl=aliquet&aenean=pulvinar&lectus=sed&pellentesque=nisl&eget=nunc&nunc=rhoncus&donec=dui&quis=vel&orci=sem&eget=sed&orci=sagittis&vehicula=nam&condimentum=congue&curabitur=risus&in=semper&libero=porta&ut=volutpat&massa=quam&volutpat=pede&convallis=lobortis&morbi=ligula&odio=sit&odio=amet&elementum=eleifend&eu=pede&interdum=libero&eu=quis&tincidunt=orci&in=nullam&leo=molestie&maecenas=nibh&pulvinar=in&lobortis=lectus&est=pellentesque&phasellus=at&sit=nulla&amet=suspendisse&erat=potenti&nulla=cras&tempus=in&vivamus=purus&in=eu&felis=magna&eu=vulputate&sapien=luctus&cursus=cum&vestibulum=sociis&proin=natoque&eu=penatibus&mi=et&nulla=magnis', 'TRUE'),
    ('990', '586', 'db', '895', 'Proin at turpis a pede posuere nonummy. Integer non velit. Donec diam neque, vestibulum eget, vulputate ut, ultrices vel, augue. Vestibulum ante ipsum primis in faucibus orci luctus et ultrices posuere cubilia Curae; Donec pharetra, magna vestibulum aliquet ultrices, erat tortor sollicitudin mi, sit amet lobortis sapien sapien non mi. Integer ac neque.', '51.76', 'massa tempor convallis', 'Walter, Hilll and Murray', 'http://indiatimes.com/pretium/iaculis.xml?amet=neque&lobortis=duis&sapien=bibendum&sapien=morbi&non=non&mi=quam&integer=nec&ac=dui&neque=luctus&duis=rutrum&bibendum=nulla&morbi=tellus&non=in&quam=sagittis&nec=dui&dui=vel&luctus=nisl&rutrum=duis&nulla=ac&tellus=nibh&in=fusce&sagittis=lacus&dui=purus&vel=aliquet&nisl=at&duis=feugiat&ac=non&nibh=pretium&fusce=quis&lacus=lectus&purus=suspendisse&aliquet=potenti&at=in&feugiat=eleifend&non=quam&pretium=a&quis=odio&lectus=in&suspendisse=hac&potenti=habitasse&in=platea&eleifend=dictumst&quam=maecenas&a=ut&odio=massa&in=quis&hac=augue&habitasse=luctus&platea=tincidunt&dictumst=nulla&maecenas=mollis&ut=molestie&massa=lorem&quis=quisque&augue=ut&luctus=erat&tincidunt=curabitur&nulla=gravida&mollis=nisi&molestie=at&lorem=nibh&quisque=in&ut=hac&erat=habitasse&curabitur=platea&gravida=dictumst&nisi=aliquam&at=augue&nibh=quam&in=sollicitudin&hac=vitae&habitasse=consectetuer&platea=eget&dictumst=rutrum&aliquam=at&augue=lorem&quam=integer&sollicitudin=tincidunt&vitae=ante&consectetuer=vel&eget=ipsum&rutrum=praesent&at=blandit&lorem=lacinia&integer=erat&tincidunt=vestibulum&ante=sed&vel=magna&ipsum=at&praesent=nunc&blandit=commodo&lacinia=placerat&erat=praesent&vestibulum=blandit&sed=nam&magna=nulla', 'TRUE'),
    ('831', '554', 'h', '683', 'Nunc purus.', '7.08', 'lobortis est phasellus', 'Olson LLC', 'https://umich.edu/a/suscipit/nulla.jsp?eu=in&felis=purus&fusce=eu&posuere=magna&felis=vulputate&sed=luctus&lacus=cum&morbi=sociis&sem=natoque&mauris=penatibus&laoreet=et&ut=magnis&rhoncus=dis&aliquet=parturient&pulvinar=montes&sed=nascetur&nisl=ridiculus&nunc=mus&rhoncus=vivamus&dui=vestibulum&vel=sagittis&sem=sapien&sed=cum&sagittis=sociis&nam=natoque&congue=penatibus&risus=et&semper=magnis&porta=dis&volutpat=parturient&quam=montes&pede=nascetur&lobortis=ridiculus&ligula=mus&sit=etiam&amet=vel&eleifend=augue&pede=vestibulum&libero=rutrum&quis=rutrum&orci=neque&nullam=aenean&molestie=auctor&nibh=gravida&in=sem&lectus=praesent&pellentesque=id&at=massa&nulla=id&suspendisse=nisl&potenti=venenatis&cras=lacinia&in=aenean&purus=sit&eu=amet&magna=justo&vulputate=morbi&luctus=ut&cum=odio&sociis=cras&natoque=mi&penatibus=pede&et=malesuada&magnis=in&dis=imperdiet&parturient=et&montes=commodo&nascetur=vulputate&ridiculus=justo&mus=in&vivamus=blandit&vestibulum=ultrices&sagittis=enim&sapien=lorem&cum=ipsum&sociis=dolor&natoque=sit&penatibus=amet&et=consectetuer&magnis=adipiscing&dis=elit&parturient=proin&montes=interdum&nascetur=mauris&ridiculus=non&mus=ligula&etiam=pellentesque&vel=ultrices&augue=phasellus&vestibulum=id&rutrum=sapien&rutrum=in&neque=sapien&aenean=iaculis&auctor=congue&gravida=vivamus', 'FALSE'),
    ('894', '571', 'xls', '483', 'Donec semper sapien a libero. Nam dui. Proin leo odio, porttitor id, consequat in, consequat ut, nulla. Sed accumsan felis. Ut at dolor quis odio consequat varius. Integer ac leo. Pellentesque ultrices mattis odio. Donec vitae nisi. Nam ultrices, libero non mattis pulvinar, nulla pede ullamcorper augue, a suscipit nulla elit ac nulla.', '111.94', 'amet', 'Padberg and Sons', 'http://webeden.co.uk/eu/nibh/quisque/id/justo.png?phasellus=hendrerit&id=at&sapien=vulputate&in=vitae&sapien=nisl&iaculis=aenean&congue=lectus&vivamus=pellentesque&metus=eget&arcu=nunc&adipiscing=donec&molestie=quis&hendrerit=orci&at=eget&vulputate=orci&vitae=vehicula&nisl=condimentum&aenean=curabitur&lectus=in&pellentesque=libero&eget=ut&nunc=massa&donec=volutpat&quis=convallis&orci=morbi&eget=odio&orci=odio&vehicula=elementum&condimentum=eu&curabitur=interdum&in=eu&libero=tincidunt&ut=in&massa=leo&volutpat=maecenas&convallis=pulvinar&morbi=lobortis&odio=est&odio=phasellus&elementum=sit&eu=amet&interdum=erat&eu=nulla&tincidunt=tempus', 'FALSE'),
    ('256', '978', 'css', '47', 'Suspendisse potenti. Nullam porttitor lacus at turpis. Donec posuere metus vitae ipsum.', '155.51', 'convallis', 'Hirthe and Sons', 'http://netscape.com/amet/sapien.jsp?nec=ligula&condimentum=vehicula&neque=consequat&sapien=morbi&placerat=a&ante=ipsum&nulla=integer&justo=a&aliquam=nibh&quis=in&turpis=quis&eget=justo&elit=maecenas&sodales=rhoncus&scelerisque=aliquam&mauris=lacus&sit=morbi&amet=quis&eros=tortor&suspendisse=id&accumsan=nulla&tortor=ultrices&quis=aliquet&turpis=maecenas&sed=leo&ante=odio&vivamus=condimentum&tortor=id&duis=luctus&mattis=nec&egestas=molestie&metus=sed&aenean=justo&fermentum=pellentesque&donec=viverra&ut=pede&mauris=ac&eget=diam&massa=cras&tempor=pellentesque&convallis=volutpat&nulla=dui&neque=maecenas&libero=tristique&convallis=est&eget=et&eleifend=tempus&luctus=semper&ultricies=est&eu=quam&nibh=pharetra&quisque=magna&id=ac&justo=consequat&sit=metus&amet=sapien&sapien=ut&dignissim=nunc&vestibulum=vestibulum&vestibulum=ante&ante=ipsum&ipsum=primis&primis=in&in=faucibus&faucibus=orci&orci=luctus&luctus=et&et=ultrices&ultrices=posuere', 'FALSE'),
    ('957', '520', 'cc', '38', 'In est risus, auctor sed, tristique in, tempus sit amet, sem. Fusce consequat. Nulla nisl. Nunc nisl. Duis bibendum, felis sed interdum venenatis, turpis enim blandit mi, in porttitor pede justo eu massa. Donec dapibus. Duis at velit eu est congue elementum. In hac habitasse platea dictumst. Morbi vestibulum, velit id pretium iaculis, diam erat fermentum justo, nec condimentum neque sapien placerat ante.', '24.14', 'et', 'Ledner Inc', 'https://wsj.com/quisque/ut/erat/curabitur.json?id=elementum&lobortis=ligula&convallis=vehicula&tortor=consequat&risus=morbi&dapibus=a&augue=ipsum&vel=integer&accumsan=a&tellus=nibh&nisi=in&eu=quis&orci=justo&mauris=maecenas&lacinia=rhoncus&sapien=aliquam&quis=lacus&libero=morbi&nullam=quis&sit=tortor&amet=id&turpis=nulla&elementum=ultrices&ligula=aliquet&vehicula=maecenas&consequat=leo&morbi=odio&a=condimentum&ipsum=id&integer=luctus&a=nec&nibh=molestie&in=sed&quis=justo&justo=pellentesque&maecenas=viverra&rhoncus=pede&aliquam=ac&lacus=diam&morbi=cras&quis=pellentesque&tortor=volutpat&id=dui&nulla=maecenas&ultrices=tristique&aliquet=est&maecenas=et&leo=tempus&odio=semper&condimentum=est&id=quam&luctus=pharetra&nec=magna&molestie=ac&sed=consequat&justo=metus&pellentesque=sapien&viverra=ut&pede=nunc&ac=vestibulum&diam=ante&cras=ipsum&pellentesque=primis&volutpat=in&dui=faucibus&maecenas=orci&tristique=luctus&est=et&et=ultrices&tempus=posuere&semper=cubilia&est=curae&quam=mauris&pharetra=viverra&magna=diam&ac=vitae&consequat=quam&metus=suspendisse&sapien=potenti&ut=nullam&nunc=porttitor&vestibulum=lacus&ante=at&ipsum=turpis&primis=donec&in=posuere&faucibus=metus&orci=vitae&luctus=ipsum&et=aliquam&ultrices=non&posuere=mauris&cubilia=morbi', 'TRUE'),
    ('11', '116', 'html', '755', 'Nulla facilisi. Cras non velit nec nisi vulputate nonummy. Maecenas tincidunt lacus at velit. Vivamus vel nulla eget eros elementum pellentesque. Quisque porta volutpat erat. Quisque erat eros, viverra eget, congue eget, semper rutrum, nulla. Nunc purus. Phasellus in felis.', '3.05', 'nullam porttitor lacus at', 'Mohr, Mann and Weissnat', 'http://wordpress.com/tempor/turpis.png?elit=nulla&sodales=mollis&scelerisque=molestie&mauris=lorem&sit=quisque&amet=ut&eros=erat&suspendisse=curabitur&accumsan=gravida&tortor=nisi&quis=at&turpis=nibh&sed=in&ante=hac&vivamus=habitasse&tortor=platea&duis=dictumst&mattis=aliquam&egestas=augue&metus=quam&aenean=sollicitudin&fermentum=vitae&donec=consectetuer&ut=eget&mauris=rutrum&eget=at&massa=lorem&tempor=integer&convallis=tincidunt&nulla=ante&neque=vel&libero=ipsum&convallis=praesent&eget=blandit&eleifend=lacinia&luctus=erat&ultricies=vestibulum&eu=sed&nibh=magna&quisque=at&id=nunc&justo=commodo&sit=placerat&amet=praesent&sapien=blandit&dignissim=nam&vestibulum=nulla&vestibulum=integer&ante=pede&ipsum=justo&primis=lacinia&in=eget&faucibus=tincidunt&orci=eget&luctus=tempus&et=vel&ultrices=pede&posuere=morbi&cubilia=porttitor&curae=lorem&nulla=id&dapibus=ligula&dolor=suspendisse&vel=ornare&est=consequat&donec=lectus&odio=in&justo=est&sollicitudin=risus&ut=auctor&suscipit=sed&a=tristique&feugiat=in&et=tempus&eros=sit&vestibulum=amet&ac=sem&est=fusce&lacinia=consequat&nisi=nulla&venenatis=nisl&tristique=nunc&fusce=nisl', 'TRUE');
INSERT INTO URL
    (link, name)
VALUES
    ("toby.com","Wehner, Schulist and Morissette"),
    ("magdalena.ca","Pfeffer-Kris"),
    ("earnest.biz","Breitenberg-VonRueden"),
    ("kelsie.biz","Murazik Group"),
    ("deion.us","Keebler-Schultz"),
    ("fae.net","Leuschke-Weissnat"),
    ("krystal.io","Kulas, Simonis and Smitham"),
    ("allene.net","Sipes-Wilderman"),
    ("maxine.info","Ledner Inc"),
    ("rosie.io","Ryan LLC"),
    ("kaden.us","Ortiz-Parisian"),
    ("christ.net","Dicki-Simonis"),
    ("alexa.me","Beer Inc"),
    ("garett.net","Padberg and Sons"),
    ("wilhelmine.us","Hirthe and Sons"),
    ("rod.us","Swaniawski and Sons"),
    ("noemi.org","Walter, Hilll and Murray"),
    ("roger.us","Krajcik Inc"),
    ("margaret.ca","Nicolas, Gleichner and Wiegand"),
    ("timmy.tv","Fisher, Marquardt and Kulas");

INSERT INTO PAYMENT
    (payment_id,amount_spent)
VALUES
	(430188842,111.61),
	(59780520,177.27),
	(78081205,177.73),
	(678007034,105.56),
	(780133176,132.44),
	(33251581,232.1),
	(735070324,409.78),
	(83835194,233.76),
	(509628321,24.45),
	(116108410,215.68),
	(214223008,412.82),
	(619779048,89.84),
	(789177211,342.65),
	(291564175,81.16),
	(831943407,222.18),
	(200009923,170.42),
	(463225104,303.37),
	(112332618,104.48),
	(769859754,323.98),
	(976922272,230.85),
	(240471970,78.6),
	(611447440,20.67),
	(605489953,473.5),
	(440627395,349.58),
	(697605046,452.52),
	(939663050,223.04),
	(580950087,199.68),
	(307122167,472.59),
	(825546832,39.53),
	(248464907,460),
	(550143768,262.98),
	(649847105,373.66),
	(30917779,239.28),
	(373838721,301.82),
	(720130533,193.48),
	(244593544,138.18),
	(29162175,73.76),
	(184456158,437.3),
	(646114383,3.43);

	

INSERT INTO PURCHASE
    (confirmation_no,receiver_email,gift,buyer_email,payment_id, purchase_date)
VALUES
(388662744,'afetteplace0@blinklist.com',TRUE,'rclow0@cdbaby.com',83835194,'02/17/2020 02:40'),
(310641373,'bhalgarth1@blog.com',TRUE,'bduplan1@sciencedaily.com',200009923,'05/28/2017 17:05'),
(606683340,'nguwer2@si.edu',FALSE,'dyarham2@latimes.com',619779048,'01/14/2020 18:55'),
(634971914,'twasiel3@diigo.com',FALSE,'wviggars3@fema.gov',678007034,'02/08/2020 08:56'),
(125711279,'nivan4@devhub.com',TRUE,'hhobble4@hao123.com',611447440,'02/20/2019 08:33'),
(567474333,'blongstreeth5@weebly.com',TRUE,'isenussi5@creativecommons.org',976922272,'01/12/2018 19:45'),
(799854947,'gloosely6@oakley.com',TRUE,'ebrasier6@cnet.com',59780520,'12/09/2019 02:46'),
(614212194,'rmandrier7@phpbb.com',TRUE,'akitcher7@list-manage.com',649847105,'10/05/2018 01:34'),
(834895473,'ajaycock8@tmall.com',TRUE,'hscad8@angelfire.com',240471970,'08/09/2017 21:09'),
(478298822,'cbryson9@nationalgeographic.com',TRUE,'bplacide9@delicious.com',291564175,'08/08/2018 06:15'),
(644594099,'kmcgourtya@altervista.org',TRUE,'balimana@patch.com',509628321,'12/24/2019 03:49'),
(198021014,'taggeb@yahoo.co.jp',FALSE,'mummfreyb@mac.com',735070324,'11/15/2018 14:15'),
(960853395,'dsimpkinc@geocities.com',FALSE,'fmatelaitisc@bbb.org',184456158,'11/09/2019 21:29'),
(639396396,'cstoterd@shareasale.com',TRUE,'bpeachmand@unc.edu',373838721,'06/17/2018 08:13'),
(205660754,'dcauldwelle@list-manage.com',FALSE,'clethbridgee@yolasite.com',939663050,'12/14/2018 16:31'),
(18575705,'sseelbachf@ameblo.jp',TRUE,'llemerief@boston.com',244593544,'11/18/2019 21:16'),
(262926933,'mfuzzeyg@buzzfeed.com',TRUE,'gmillionsg@nps.gov',646114383,'05/25/2018 00:44'),
(342573074,'rtennickh@skype.com',TRUE,'broxburghh@youtu.be',430188842,'05/23/2019 12:48'),
(287240943,'mleadstonei@tripod.com',TRUE,'oreveleyi@123-reg.co.uk',831943407,'07/18/2018 15:47'),
(199984741,'rmcphelimj@twitpic.com',FALSE,'ceirwinj@examiner.com',116108410,'02/18/2020 18:00'),
(176999368,'mbourgesk@istockphoto.com',FALSE,'eguntripk@jimdo.com',605489953,'08/14/2018 05:55'),
(456371388,'jastyl@acquirethisname.com',FALSE,'bchooterl@bravesites.com',33251581,'08/31/2019 20:03'),
(354420989,'bflavellem@mtv.com',TRUE,'gmclugishm@answers.com',697605046,'11/21/2019 23:19'),
(847989534,'labbittn@epa.gov',TRUE,'mlettyn@comcast.net',789177211,'12/19/2018 11:04'),
(131606442,'blambrichto@ihg.com',TRUE,'ybroscho@angelfire.com',112332618,'07/15/2018 17:42'),
(342424261,'dmoulandp@mayoclinic.com',TRUE,'fvonderemptenp@admin.ch',720130533,'03/01/2019 03:41'),
(600113092,'dwhykeq@shutterfly.com',TRUE,'ltrythallq@msu.edu',248464907,'07/12/2017 17:01'),
(872124125,'rstandingr@mozilla.org',TRUE,'ecosgrover@about.com',769859754,'01/31/2018 03:30'),
(336264002,'laxups@spotify.com',FALSE,'pbaddeleys@example.com',780133176,'12/01/2018 09:44'),
(803221623,'ssighartt@ftc.gov',TRUE,'pjobbinst@sphinn.com',29162175,'03/21/2018 16:01'),
(529714174,'gdovermannu@netvibes.com',TRUE,'jwickersleyu@stumbleupon.com',825546832,'09/23/2018 02:11'),
(572707620,'sconwayv@kickstarter.com',FALSE,'yduferiev@dion.ne.jp',580950087,'12/28/2019 23:36'),
(836589635,'echudleighw@ucoz.ru',TRUE,'kmcmainsw@purevolume.com',214223008,'05/28/2017 20:34'),
(16111497,'akenworthyx@ameblo.jp',FALSE,'dgirschx@github.io',307122167,'07/10/2017 03:36'),
(88710942,'gglassborowy@themeforest.net',TRUE,'dbeethamy@xing.com',30917779,'06/29/2017 16:34'),
(447311632,'fdowbakinz@msn.com',TRUE,'rgonzalezz@livejournal.com',550143768,'10/24/2019 12:11'),
(891588277,'djanuszkiewicz10@g.co',TRUE,'peggar10@apache.org',440627395,'06/14/2018 17:29'),
(834084780,'rsergeant11@usa.gov',TRUE,'bsitford11@uiuc.edu',463225104,'02/20/2020 11:34'),
(288317331,'earlow12@chronoengine.com',FALSE,'livanyushkin12@canalblog.com',78081205,'06/14/2017 11:02');

INSERT INTO karma_points
	(payment_id)
VALUES
(769859754),
(580950087),
(463225104),
(509628321),
(939663050),
(831943407),
(30917779),
(780133176),
(240471970),
(611447440),
(244593544),
(184456158),
(59780520),
(33251581),
(307122167),
(83835194),
(248464907),
(646114383),
(619779048),
(373838721),
(112332618),
(291564175),
(214223008),
(735070324),
(440627395),
(29162175),
(605489953),
(78081205),
(678007034),
(430188842),
(550143768),
(789177211),
(825546832),
(200009923),
(697605046),
(976922272),
(116108410),
(720130533),
(649847105);

INSERT INTO CRYPTO_CURRENCY
	(payment_id,currency,account_number)
VALUES
(307122167,'NZD',635998630),
(184456158,'CHF',184046617),
(825546832,'CAD',452013508),
(976922272,'GBP',672159460),
(463225104,'AUD',332222718),
(509628321,'JPY',258894635),
(240471970,'USD',279626061),
(30917779,'EUR',250176212),
(580950087,'USD',501661510),
(646114383,'USD',291093569),
(116108410,'AUD',337418681),
(720130533,'USD',113839814),
(59780520,'USD',248949907),
(678007034,'AUD',570054296),
(29162175,'USD',265095897),
(735070324,'USD',680144549),
(939663050,'EUR',840757893),
(619779048,'USD',764372389),
(697605046,'CAD',254441190),
(33251581,'USD',483376260),
(789177211,'USD',445803030),
(605489953,'CHF',360537860),
(244593544,'USD',409432453),
(373838721,'NZD',560051065),
(214223008,'USD',111605125),
(611447440,'CAD',656764041),
(248464907,'JPY',160588365),
(831943407,'EUR',264646403),
(550143768,'CAD',607189425),
(112332618,'GBP',915559039),
(83835194,'AUD',559913269),
(649847105,'EUR',702880540),
(200009923,'USD',117427984),
(440627395,'CAD',499908265),
(291564175,'CHF',510934877),
(430188842,'EUR',942655340),
(769859754,'USD',459269118),
(780133176,'CAD',274225388),
(78081205,'EUR',749972064);

INSERT INTO CARD
VALUES
(430188842,580,'10/15/20','GBP',6011587158965790),
(59780520,502,'11/18/21','USD',4892011464479690),
(78081205,712,'4/3/22','AUD',4238513412145950),
(678007034,636,'6/17/22','USD',5527043388561770),
(780133176,377,'11/11/23','JPY',5455559451599500),
(33251581,274,'6/8/24','EUR',4503371538293740),
(735070324,863,'6/27/22','CAD',36767620262305),
(83835194,361,'2/13/21','USD',4369448357552380),
(509628321,125,'2/25/23','EUR',4385064666711520),
(116108410,303,'1/6/24','EUR',5396244322451010),
(214223008,63,'6/15/23','USD',374982408500947),
(619779048,401,'12/13/21','AUD',5123124913707270),
(789177211,138,'12/23/20','EUR',3540769787224660),
(291564175,775,'1/12/21','GBP',5427128731715910),
(831943407,840,'10/5/23','JPY',379882503107595),
(200009923,358,'9/5/21','CAD',5518351097445470),
(463225104,298,'2/22/23','USD',4298107078271540),
(112332618,747,'5/16/21','USD',39359854273260),
(769859754,811,'6/9/22','USD',6011427062216970),
(976922272,49,'5/18/24','USD',3531486338307190),
(240471970,573,'7/3/23','NZD',375943111108914),
(611447440,766,'2/7/22','USD',5212409577580670),
(605489953,503,'8/28/23','CHF',3554807740590220),
(440627395,872,'3/10/21','CAD',38179382334165),
(697605046,469,'9/3/22','CAD',4450643809320730),
(939663050,981,'2/15/24','CHF',4701104518204550),
(580950087,904,'6/2/21','CHF',6011159847879200),
(307122167,647,'3/27/24','CAD',4584079599484010),
(825546832,749,'6/20/22','AUD',3583333025643620),
(248464907,74,'8/14/24','USD',5570561856120490),
(550143768,745,'11/5/22','USD',5159534099544870),
(649847105,749,'7/29/22','AUD',3561176572198380),
(30917779,582,'5/22/23','CAD',349807486535212),
(373838721,287,'10/5/20','EUR',6011848443176940),
(720130533,949,'2/8/21','USD',343015312305844),
(244593544,394,'2/19/23','NZD',6011545368000750),
(29162175,812,'12/8/22','USD',6011869494611490),
(184456158,287,'10/10/23','USD',5414215166441730),
(646114383,857,'8/30/24','EUR',39574519150923);


INSERT INTO PURCHASE_PAYMENT
VALUES
(43662,388662744,233.76),
(8833160,310641373,170.42),
(2666134,606683340,89.84),
(9308824,634971914,105.56),
(5358488,125711279,20.67),
(3958744,567474333,230.85),
(3403346,799854947,177.27),
(573017,614212194,373.66),
(4169507,834895473,78.60),
(321259,478298822,81.16),
(949928,644594099,24.45),
(5771341,198021014,409.78),
(6000132,960853395,437.30),
(9032367,639396396,301.82),
(6109028,205660754,223.04),
(751159,18575705,138.18),
(306759,262926933,3.43),
(830263,342573074,111.61),
(3121743,287240943,222.18),
(1709111,199984741,215.68),
(1884993,176999368,473.50),
(8916439,456371388,232.10),
(6339749,354420989,452.52),
(6169357,847989534,342.65),
(6915148,131606442,104.48),
(865068,342424261,193.48),
(3181986,600113092,460.00),
(1398454,872124125,323.98),
(2304647,336264002,132.44),
(9699520,803221623,73.76),
(4329640,529714174,39.53),
(1496699,572707620,199.68),
(3688106,836589635,412.82),
(1644749,16111497,472.59),
(3579069,88710942,239.28),
(9343106,447311632,262.98),
(5101527,891588277,349.58),
(7449557,834084780,303.37),
(5501763,288317331,177.73);

INSERT INTO PURCHASE_DETAILS
(purchase_payment_id, confirmation_no,quantity,product_id)
VALUES
(43662,388662744,2,628),
(8833160,310641373,139,930),
(2666134,606683340,26,703),
(9308824,634971914,1,127),
(5358488,125711279,4,249),
(3958744,567474333,100,394),
(3403346,799854947,91,242),
(573017,614212194,30,19),
(4169507,834895473,62,256),
(321259,478298822,118,256),
(949928,644594099,59,831),
(5771341,198021014,19,495),
(6000132,960853395,1,851),
(9032367,639396396,51,897),
(6109028,205660754,101,403),
(751159,18575705,1,403),
(306759,262926933,115,19),
(830263,342573074,1,990),
(3121743,287240943,91,897),
(1709111,199984741,117,657),
(1884993,176999368,68,703),
(8916439,456371388,1,495),
(6339749,354420989,73,941),
(6169357,847989534,3,759),
(6915148,131606442,1,19),
(865068,342424261,88,402),
(3181986,600113092,10,256),
(1398454,872124125,133,926),
(2304647,336264002,58,209),
(9699520,803221623,103,759),
(4329640,529714174,41,172),
(1496699,572707620,30,942),
(3688106,836589635,128,990),
(1644749,16111497,19,11),
(3579069,88710942,140,990),
(9343106,447311632,9,894),
(5101527,891588277,140,209),
(7449557,834084780,57,11),
(5501763,288317331,1,11);

INSERT INTO FEEDBACK
(comment_id,rating,comment,comment_time,product_id,email)
VALUES
(34571, 1, 'Praesent eu nulla at sem molestie sodales. Mauris', '2/5/20 3:28', 11, 'peggar10@apache.org'),
(34918, 4, 'lobortis risus. In mi pede, nonummy', '2/28/20 3:49', 628, 'hhobble4@hao123.com'),
(16691, 1, 'ornare,', '1/9/20 12:56', 941, 'akitcher7@list-manage.com'),
(25561, 1, 'parturient montes, nascetur ridiculus mus. Donec dignissim magna a tortor.', '2/19/20 23:35', 249, 'dyarham2@latimes.com'),
(43093, 1, 'neque. Nullam nisl. Maecenas malesuada fringilla est. Mauris', '2/27/20 3:11', 926, 'wviggars3@fema.gov'),
(37200, 5, 'dis parturient montes, nascetur', '3/14/20 16:54', 831, 'bplacide9@delicious.com'),
(19925, 0, 'at, egestas a, scelerisque sed,', '2/2/20 5:30', 936, 'isenussi5@creativecommons.org'),
(31550, 2, 'massa lobortis ultrices. Vivamus rhoncus. Donec est. Nunc ullamcorper, velit', '1/17/20 23:45', 572, 'yduferiev@dion.ne.jp'),
(21762, 0, 'Morbi neque tellus, imperdiet non, vestibulum nec,', '1/6/20 21:08', 851, 'mlettyn@comcast.net'),
(26757, 4, 'tellus non magna.', '2/6/20 11:06', 990, 'bsitford11@uiuc.edu'),
(27608, 5, 'nostra,', '3/15/20 7:56', 952, 'ybroscho@angelfire.com'),
(27885, 3, 'Vivamus euismod urna. Nullam lobortis quam a', '1/28/20 0:10', 19, 'pjobbinst@sphinn.com'),
(37902, 4, 'est, mollis non, cursus', '1/30/20 7:16', 201, 'pbaddeleys@example.com'),
(19341, 3, 'Donec', '1/19/20 17:55', 942, 'llemerief@boston.com'),
(32968, 3, 'neque. In ornare sagittis', '3/11/20 3:11', 897, 'gmclugishm@answers.com'),
(42652, 3, 'vestibulum, neque sed dictum eleifend, nunc risus', '3/3/20 2:02', 983, 'jwickersleyu@stumbleupon.com'),
(29224, 0, 'ipsum cursus vestibulum. Mauris magna. Duis dignissim', '2/13/20 3:34', 376, 'mummfreyb@mac.com'),
(15893, 0, 'Quisque varius.', '1/28/20 7:25', 256, 'broxburghh@youtu.be'),
(31601, 4, 'malesuada malesuada. Integer id magna et ipsum cursus vestibulum. Mauris', '1/29/20 11:46', 403, 'rgonzalezz@livejournal.com'),
(38415, 3, 'semper. Nam tempor diam dictum sapien. Aenean massa. Integer', '2/15/20 13:49', 209, 'balimana@patch.com');

INSERT INTO WISH
(wish_number,email,product_id)
VALUES
(494799, 'balimana@patch.com', 256),
(98061, 'bplacide9@delicious.com', 936),
(706662, 'pbaddeleys@example.com', 657),
(538349, 'hhobble4@hao123.com', 926),
(545190, 'livanyushkin12@canalblog.com', 188),
(622886, 'dbeethamy@xing.com', 897),
(685360, 'bchooterl@bravesites.com', 930),
(396044, 'broxburghh@youtu.be', 122),
(7900, 'pjobbinst@sphinn.com', 172),
(588840, 'hscad8@angelfire.com', 127),
(47697, 'llemerief@boston.com', 242),
(269555, 'gmillionsg@nps.gov', 12),
(60670, 'gmclugishm@answers.com', 759),
(613391, 'ecosgrover@about.com', 957),
(274103, 'ltrythallq@msu.edu', 402),
(370486, 'ebrasier6@cnet.com', 572),
(579747, 'bsitford11@uiuc.edu', 851),
(87738, 'wviggars3@fema.gov', 19),
(659767, 'jwickersleyu@stumbleupon.com', 831),
(239231, 'mlettyn@comcast.net', 394);

INSERT INTO IP_TYPE
    (word)
VALUES
    ("frame"),
    ("encompassing"),
    ("synergy"),
    ("standardization"),
    ("flexibility"),
    ("executive"),
    ("Persistent"),
    ("budgetary management"),
    ("mission-critical"),
    ("bifurcated"),
    ("Integrated"),
    ("leverage"),
    ("composite"),
    ("web-enabled"),
    ("full-range"),
    ("collaboration"),
    ("Intuitive"),
    ("hybrid"),
    ("non-volatile"),
    ("5th generation"),
    ("migration"),
    ("matrix"),
    ("Monitored"),
    ("encoding"),
    ("interactive"),
    ("systemic"),
    ("knowledge base"),
    ("24 hour"),
    ("background"),
    ("website"),
    ("Fully-configurable"),
    ("Realigned"),
    ("Future-proofed"),
    ("User-centric"),
    ("optimal"),
    ("logistical"),
    ("open system");

INSERT INTO PRODUCT_KEYWORD
    (product_id,word)
VALUES
    (983,"frame"),
    (19,"encompassing"),
    (127,"synergy"),
    (201,"standardization"),
    (394,"flexibility"),
    (936,"executive"),
    (897,"Persistent"),
    (229,"budgetary management"),
    (851,"mission-critical"),
    (740,"bifurcated"),
    (930,"Integrated"),
    (495,"leverage"),
    (242,"composite"),
    (249,"web-enabled"),
    (703,"full-range"),
    (628,"collaboration"),
    (926,"Intuitive"),
    (490,"hybrid"),
    (402,"non-volatile"),
    (12,"open system"),
    (403,"5th generation"),
    (188,"migration"),
    (572,"matrix"),
    (941,"Monitored"),
    (667,"encoding"),
    (376,"interactive"),
    (952,"systemic"),
    (209,"knowledge base"),
    (122,"24 hour"),
    (657,"background"),
    (942,"website"),
    (759,"Fully-configurable"),
    (172,"Realigned"),
    (990,"Future-proofed"),
    (831,"User-centric"),
    (894,"optimal"),
    (256,"logistical");


INSERT INTO SUBSCRIPTION
    (product_id,subscription_type,start_date,price)
VALUES
    (990,"Monthly",2017-04-16,173.00),
    (403,"Yearly",2017-02-08,97.00),
    (19,"Weekly",2016-09-14,76.00),
    (229,"Yearly",2020-03-26,173.00),
    (930,"Monthly",2020-08-09,143.00),
    (572,"Weekly",2020-11-14,150.00),
    (256,"Yearly",2017-06-22,30.00),
    (495,"Monthly",2017-07-18,125.00),
    (402,"Yearly",2016-09-28,10.00),
    (376,"Weekly",2018-07-28,62.00),
    (122,"Monthly",2016-01-05,63.00),
    (172,"Yearly",2019-08-14,44.00),
    (12,"Weekly",2016-12-08,86.00),
    (628,"Monthly",2016-04-12,28.00),
    (894,"Yearly",2020-11-26,136.00),
    (942,"Yearly",2018-02-15,193.00),
    (209,"Weekly",2020-09-06,29.00),
    (831,"Monthly",2017-07-06,137.00),
    (851,"Weekly",2017-04-16,143.00),
    (957,"Monthly",2016-10-06,113.00);
INSERT INTO RENTAL
    (product_id,start_date,price,duration)
VALUES
    (894,2020-11-28,72.00,"7 weeks"),
    (229,2018-07-12,53.00,"6 months"),
    (201,2018-05-16,120.00,"1 years"),
    (376,2018-02-21,94.00,"9 weeks"),
    (242,2016-02-25,65.00,"7 months"),
    (572,2019-05-31,87.00,"1 years"),
    (936,2016-09-16,115.00,"10 weeks"),
    (490,2019-06-22,88.00,"6 months"),
    (402,2017-09-24,44.00,"5 years"),
    (12,2019-05-06,99.00,"10 weeks"),
    (11,2020-11-21,127.00,"7 months"),
    (926,2016-09-13,130.00,"2 years"),
    (394,2020-07-24,64.00,"3 weeks"),
    (759,2019-06-29,17.00,"6 months"),
    (831,2020-01-18,77.00,"5 years"),
    (19,2018-07-16,139.00,"1 weeks"),
    (127,2019-09-07,188.00,"10 months"),
    (122,2020-09-01,85.00,"2 years"),
    (209,2020-10-15,59.00,"8 weeks"),
    (188,2016-07-27,89.00,"9 months");
INSERT INTO IMAGE
    (image_id,product_id,image_file)
VALUES
    (1,990,"http://dummyimage.com/363x314.jpg/ff4444/ffffff"),
    (2,12,"http://dummyimage.com/297x486.jpg/cc0000/ffffff"),
    (3,572,"http://dummyimage.com/349x445.jpg/5fa2dd/ffffff"),
    (4,942,"http://dummyimage.com/461x302.jpg/ff4444/ffffff"),
    (5,495,"http://dummyimage.com/260x486.jpg/5fa2dd/ffffff"),
    (6,703,"http://dummyimage.com/340x266.jpg/cc0000/ffffff"),
    (7,930,"http://dummyimage.com/317x483.jpg/dddddd/000000"),
    (8,628,"http://dummyimage.com/486x252.jpg/dddddd/000000"),
    (9,376,"http://dummyimage.com/280x489.jpg/ff4444/ffffff"),
    (10,122,"http://dummyimage.com/457x282.jpg/cc0000/ffffff"),
    (11,249,"http://dummyimage.com/469x284.jpg/dddddd/000000"),
    (12,759,"http://dummyimage.com/277x366.jpg/ff4444/ffffff"),
    (13,229,"http://dummyimage.com/463x441.jpg/5fa2dd/ffffff"),
    (14,19,"http://dummyimage.com/410x372.jpg/5fa2dd/ffffff"),
    (15,402,"http://dummyimage.com/389x361.jpg/ff4444/ffffff"),
    (16,983,"http://dummyimage.com/467x320.jpg/cc0000/ffffff"),
    (17,403,"http://dummyimage.com/377x281.jpg/dddddd/000000"),
    (18,936,"http://dummyimage.com/322x500.jpg/5fa2dd/ffffff"),
    (19,127,"http://dummyimage.com/329x348.jpg/5fa2dd/ffffff"),
    (20,941,"http://dummyimage.com/329x348.jpg/5fa2dd/ffffff");



			
			
			
			
			
			
			
			
			
			
			
			
			
			
			
			
			
			
			


